id,first_name,last_name,university,major,email,home_state
1,Humberto,Penny,University Institute of Modern Languages,Research and Development,hpenny0@newyorker.com,FL
2,Maryjo,Claiden,Yaroslavl International University of Business and New Technologies,Services,mclaiden1@yelp.com,TX
3,Gisela,Michelotti,Faculdades Integradas Toledo,Sales,gmichelotti2@discovery.com,TX
4,Ezekiel,Bellis,NTB Interstate University of Applied Sciences of Technology,Engineering,ebellis3@unicef.org,NY
5,Ivan,Crouse,Université de Kolwezi,Marketing,icrouse4@yahoo.co.jp,AZ
6,Kaylee,Hinchon,St. Petersburg State University of Civil Aviation,Sales,khinchon5@youku.com,NY
7,Michell,Scherme,ARYA Institute of Engineering & Technology,Legal,mscherme6@engadget.com,IN
8,Ebba,Griswood,Pennsylvania State University at Erie - Behrend College,Accounting,egriswood7@dedecms.com,WI
9,Shandra,Dresse,Dijla University College,Business Development,sdresse8@a8.net,CA
10,Rex,Imison,"Universidad de Puerto Rico, Aguadilla",Services,rimison9@techcrunch.com,KY
11,Brigitte,Swindon,Universidad Nacional de Cuyo,Business Development,bswindona@accuweather.com,NJ
12,Howey,Chase,Ecole Nationale d'Ingénieurs des Travaux Agricoles de Bordeaux,Business Development,hchaseb@time.com,MN
13,Ignacius,Courtois,Xi'an Jiaotong-Liverpool University,Human Resources,icourtoisc@marketwatch.com,OK
14,Ofelia,Rollings,Buraydah College for Applied Medical Sciences,Sales,orollingsd@statcounter.com,TN
15,Thane,Devall,Universität Dortmund,Engineering,tdevalle@sohu.com,NY
16,Jill,Hardie,Wilberforce University,Product Management,jhardief@un.org,KY
17,Demetra,Goodie,"Evangelische Fachhochschule Freiburg, Hochschule für Soziale Arbeit, Diakonie und Religionspädagogik",Engineering,dgoodieg@guardian.co.uk,IN
18,Reinhold,Marzello,Tabriz University,Support,rmarzelloh@chicagotribune.com,HI
19,Francyne,Adenet,University of Szczecin,Marketing,fadeneti@toplist.cz,GA
20,Nicki,Dutnell,Alpha Omega University,Support,ndutnellj@ibm.com,FL
21,Annemarie,Yeates,Perm State Medical Academy,Sales,ayeatesk@exblog.jp,FL
22,Winne,Newcomb,Al Mamon University College,Product Management,wnewcombl@columbia.edu,CA
23,Mozelle,Shalloo,Sullivan College,Product Management,mshalloom@rambler.ru,VA
24,Miner,Limer,Illinois College of Optometry,Legal,mlimern@free.fr,LA
25,Karel,Colafate,Lehigh Univervsity,Research and Development,kcolafateo@wordpress.org,OH
26,Northrup,Armour,University College Dublin,Marketing,narmourp@shop-pro.jp,OH
27,Ashton,Murney,Asbury College,Product Management,amurneyq@technorati.com,WV
28,Demetra,O'Moylane,Warsaw School of Information Technology,Human Resources,domoylaner@fastcompany.com,AL
29,Mathilda,Sreenan,St. Francis Xavier University,Product Management,msreenans@seesaa.net,OH
30,Leonore,Bowie,University of Hertfordshire,Training,lbowiet@sakura.ne.jp,CA
31,Pate,Kittiman,University of Ulster,Legal,pkittimanu@angelfire.com,NC
32,Vergil,Shankland,University of the South Pacific,Marketing,vshanklandv@mlb.com,MA
33,Hayley,Wortt,St. Augustine International University,Legal,hworttw@squidoo.com,MO
34,Maximo,Lerner,Sree Sankaracharya University of Sanskrit,Research and Development,mlernerx@go.com,PA
35,Jorge,Bigby,Norwegian College of Veterinary Medicine,Sales,jbigbyy@nih.gov,TX
36,Royall,Domsalla,Oxford Brookes University,Research and Development,rdomsallaz@wsj.com,KS
37,Consuela,Gadman,Ecole Supérieure de Commerce et des Affaires,Training,cgadman10@soundcloud.com,MO
38,Brade,Feben,Instituto Tecnológico Autonómo de México,Engineering,bfeben11@smugmug.com,CO
39,Mirna,Longhorne,Instituto Politécnico de Santarém,Human Resources,mlonghorne12@springer.com,FL
40,Bertrand,MacTurlough,Universidad del Pacífico,Sales,bmacturlough13@washingtonpost.com,AL
41,Lil,Roloff,"Cleveland Chiropractic College, Kansas City",Support,lroloff14@so-net.ne.jp,DC
42,Marcello,Rous,Ecole Nationale Supérieure de Chimie de Rennes,Services,mrous15@salon.com,HI
43,Lenette,Leebeter,Ferris State University,Human Resources,lleebeter16@prweb.com,FL
44,Clementine,Shallow,Universität Passau,Research and Development,cshallow17@ning.com,FL
45,Gayler,Pashby,Philosophisch-Theologische Hochschule Münster,Research and Development,gpashby18@icq.com,PA
46,Hadrian,Bythway,Koshien University,Accounting,hbythway19@barnesandnoble.com,AR
47,Roseline,Blinerman,University of South Carolina - Spartanburg,Product Management,rblinerman1a@people.com.cn,NY
48,Rad,Rapp,San Francisco Conservatory of Music,Marketing,rrapp1b@hexun.com,TX
49,Abbott,Rayson,Southeastern Louisiana University,Business Development,arayson1c@diigo.com,FL
50,Winna,De La Haye,Nanjing University of Posts and Telecommunications,Legal,wdelahaye1d@goo.ne.jp,OH
51,Betsey,Serjeant,Yasuj University,Research and Development,bserjeant1e@infoseek.co.jp,GA
52,Rani,Filgate,University of Vermont,Human Resources,rfilgate1f@scribd.com,GA
53,Evelin,Lyffe,Puget Sound Christian College,Legal,elyffe1g@ft.com,VA
54,Vivyanne,Boone,Post University of Waterbury,Legal,vboone1h@webnode.com,VA
55,Stafani,Melmar,Rochester College,Marketing,smelmar1i@independent.co.uk,NY
56,Beale,Gearty,East-Siberian State University of Technology,Research and Development,bgearty1j@kickstarter.com,NY
57,Etheline,Waterdrinker,"St. Petersburg State University of Information Technologies, Mechanics and Optics",Training,ewaterdrinker1k@thetimes.co.uk,DC
58,Mersey,Lees,Kampala University,Business Development,mlees1l@prnewswire.com,CA
59,Georgy,Aveson,New Jersey City University,Sales,gaveson1m@apple.com,NY
60,Cart,Tumilty,Eastern College,Marketing,ctumilty1n@epa.gov,IA
61,Leshia,Snedden,Lehigh Univervsity,Marketing,lsnedden1o@printfriendly.com,MA
62,Jaquenette,Fisbey,Lawrence University,Accounting,jfisbey1p@pbs.org,TX
63,Anton,Buzza,Higher Colleges of Technology,Legal,abuzza1q@businessinsider.com,OR
64,Gaston,Barsam,University of Pune,Business Development,gbarsam1r@constantcontact.com,OH
65,Brig,Shillaker,College of Aeronautics,Business Development,bshillaker1s@people.com.cn,IL
66,Jordan,Bedborough,Instituto de Enseñanza Superior Oteima,Legal,jbedborough1t@yahoo.co.jp,CA
67,Audry,Boffey,Payap University Chaiang Mai,Training,aboffey1u@yandex.ru,TX
68,Tildy,Pottinger,Université Victor Segalen (Bordeaux II),Business Development,tpottinger1v@nifty.com,OH
69,Clarita,Stockle,Université de Ziguinchor,Business Development,cstockle1w@ted.com,CT
70,Gabe,Radford,Ecole Supérieure des Sciences Economiques et Commerciales,Services,gradford1x@wp.com,CA
71,Annecorinne,Cowle,Alsadrain University,Sales,acowle1y@hud.gov,NY
72,Reider,Barfitt,Lander University,Engineering,rbarfitt1z@state.tx.us,GA
73,Cecily,Yorke,Universidade do Sul de Santa Catarina,Research and Development,cyorke20@booking.com,OR
74,Jeremie,Rickardsson,Universitat Jaume I de Castellón,Marketing,jrickardsson21@guardian.co.uk,DC
75,Gerhard,Baxandall,Symbiosis International University,Research and Development,gbaxandall22@tripadvisor.com,MI
76,Brendis,Castro,Singapore Management University,Accounting,bcastro23@skype.com,CA
77,Morgen,Darnbrough,Northwest College of Art,Product Management,mdarnbrough24@is.gd,WA
78,Iolande,Thewys,Montserrat College of Art,Human Resources,ithewys25@ucoz.com,IL
79,Jaquith,Tawse,Instituto Politécnico de Santarém,Support,jtawse26@washington.edu,PA
80,Ashby,Guerro,St. John's University,Research and Development,aguerro27@deviantart.com,TX
81,Katuscha,Legan,Sebatian Kolowa University College,Business Development,klegan28@google.ca,NJ
82,Alicea,Lorenc,Yamagata University,Engineering,alorenc29@google.com.hk,IN
83,Dannie,Boggon,Istanbul Bilgi University,Support,dboggon2a@wix.com,MN
84,Lettie,Huglin,Institut des Sciences de l'Ingénieur de Montpellier,Support,lhuglin2b@un.org,TX
85,Katey,Gilloran,Hormozgan University of Medical Sciences,Marketing,kgilloran2c@nydailynews.com,WV
86,Kaylee,Ludron,Yaroslavl State University,Support,kludron2d@wufoo.com,NY
87,Shirl,Vasiltsov,Cumhuriyet (Republik) University,Marketing,svasiltsov2e@ed.gov,CA
88,Aaren,Deering,Limestone College,Support,adeering2f@4shared.com,GA
89,Chloris,Sharvill,Jomo Kenyatta University of Agriculture and Technology,Services,csharvill2g@timesonline.co.uk,CA
90,Holly,Cartmill,Detroit College of Business,Services,hcartmill2h@xrea.com,CA
91,Blair,Shillum,Franciscan University of Steubenville,Legal,bshillum2i@ed.gov,CA
92,Giovanna,Vallance,University of Tuzla,Services,gvallance2j@buzzfeed.com,OR
93,Madelle,Poundsford,Beth-El College of Nursing and Health Sciences,Marketing,mpoundsford2k@unc.edu,NY
94,Berry,Seawright,"Kunsthochschule Berlin-Weissensee, Hochschule für Gestaltung ",Support,bseawright2l@harvard.edu,CA
95,Candida,Marris,Universidad Autónoma del Caribe,Services,cmarris2m@topsy.com,OR
96,Frederico,Selcraig,The Illinois Institute of Art-Chicago,Support,fselcraig2n@squidoo.com,KS
97,Udall,Ternouth,University of Miami,Services,uternouth2o@hhs.gov,IN
98,Alene,Cavanagh,Keimyung University,Business Development,acavanagh2p@boston.com,NY
99,Anitra,Stollenbecker,Kuala Lumpur Infrastructure University College,Services,astollenbecker2q@icio.us,AZ
100,Constancia,Entres,Universidad Autónoma Metropolitana - Xochimilco,Business Development,centres2r@prnewswire.com,PA
101,Haley,Tuiller,Siberian State University of Telecommunications and Informatics,Product Management,htuiller2s@jiathis.com,TX
102,Lalo,Andreasen,Pangasinan State University,Product Management,landreasen2t@google.co.uk,TX
103,Waldon,Tuft,"Concordia University, Irvine",Legal,wtuft2u@ow.ly,FL
104,Valerie,Cana,University of Zadar,Services,vcana2v@bluehost.com,PA
105,Cammy,Payne,D'Youville College,Engineering,cpayne2w@com.com,OK
106,Nanny,Szymon,Université Nancy II,Human Resources,nszymon2x@ucoz.ru,CO
107,Collin,Thomann,"Islamic Azad University, Sowmesara",Product Management,cthomann2y@comcast.net,OH
108,Alvira,Jannex,Camosun College,Accounting,ajannex2z@dyndns.org,GA
109,Adelaida,Goodman,Université du Burundi,Marketing,agoodman30@jalbum.net,TX
110,Rickie,Ody,Kyushu University,Accounting,rody31@techcrunch.com,NC
111,Ozzie,Haithwaite,Taif University,Sales,ohaithwaite32@netlog.com,WV
112,Veradis,Decker,National-Louis University,Legal,vdecker33@washington.edu,CO
113,Kinnie,Embra,Yerevan Haibusak University,Training,kembra34@newyorker.com,WA
114,Ainslie,Thieme,Tokyo University of Art and Design,Legal,athieme35@patch.com,FL
115,Wilbur,Buncher,ITT Technical Institute Fort Wayne,Services,wbuncher36@tuttocitta.it,LA
116,Lynea,Scamadin,Universidad Técnica Particular de Loja,Services,lscamadin37@miibeian.gov.cn,NV
117,Vivian,McQuade,Regent University College of Science and Technology  ,Engineering,vmcquade38@linkedin.com,NY
118,Farlay,Lendrem,Ecole Nationale Supérieure d'Ingénieurs en Mécanique et Energétique de Valenciennes,Accounting,flendrem39@vimeo.com,PA
119,Clement,Peachey,Lorestan University,Legal,cpeachey3a@eventbrite.com,TX
120,Maynord,Manston,"École de technologie supérieure, Université du Québec",Research and Development,mmanston3b@tumblr.com,OR
121,Waly,Yardley,Osaka University of Education,Research and Development,wyardley3c@bigcartel.com,IL
122,Martina,Perkis,Instituto Universitario Aeronáutico,Marketing,mperkis3d@bandcamp.com,CA
123,Edi,Milburn,St. Marianna University School of Medicine,Sales,emilburn3e@nydailynews.com,NY
124,Daven,Aldhous,Woosuk University,Accounting,daldhous3f@rakuten.co.jp,KY
125,Inga,Linke,Universidad Nacional,Services,ilinke3g@irs.gov,NY
126,Noemi,Leyzell,Mansfield University of Pennsylvania,Legal,nleyzell3h@wordpress.org,WI
127,Arline,Gionettitti,Pontifícia Universidade Católica de Minas Gerais,Research and Development,agionettitti3i@php.net,WI
128,Mendy,Langdon,Sunway University College,Services,mlangdon3j@dagondesign.com,NE
129,Obie,Habbes,Oklahoma State University - Institute of Technology,Services,ohabbes3k@elpais.com,NJ
130,Frasco,Gagin,University of Southern Indiana,Human Resources,fgagin3l@businessweek.com,CA
131,Madlin,Mackness,Australlian College of Kuwait ,Accounting,mmackness3m@cornell.edu,NC
132,Verna,Barwack,Wollega University,Training,vbarwack3n@hhs.gov,PA
133,Jason,Brennand,Dr. Babasaheb Ambedkar Marathwada Universtiy,Business Development,jbrennand3o@unblog.fr,NC
134,Tiffanie,Gounet,Najaf Abad University of Applied Science and Technology,Product Management,tgounet3p@51.la,VA
135,Dwain,Braksper,Universidad ICESI,Legal,dbraksper3q@huffingtonpost.com,TX
136,Nealson,Hilldrup,University of the Thai Chamber of Commerce,Support,nhilldrup3r@whitehouse.gov,FL
137,Nissa,Tapenden,Yokohama College of Commerce,Legal,ntapenden3s@nifty.com,NY
138,Shelby,Limbert,American Conservatory Theater,Business Development,slimbert3t@wix.com,WA
139,Roscoe,Aloshikin,"Concordia University, Irvine",Engineering,raloshikin3u@geocities.com,MA
140,Onfre,Pietersma,Universidad Católica de Cuenca,Research and Development,opietersma3v@blogs.com,FL
141,Denny,Heisler,College of Nursing and Allied Health Scinces,Legal,dheisler3w@networkadvertising.org,OR
142,Casper,Lenglet,"University of Maine, Machias",Product Management,clenglet3x@csmonitor.com,CA
143,Paulie,McPartlin,University of Scranton,Sales,pmcpartlin3y@marketwatch.com,MO
144,Charmain,Swancott,Universidad Privada San Pedro,Marketing,cswancott3z@google.ru,OH
145,Gaylor,Adel,Maritime University Constanta,Human Resources,gadel40@psu.edu,PA
146,Brendis,Thickpenny,Technological Education Institute of Kalamata,Sales,bthickpenny41@harvard.edu,PA
147,Jessamyn,Ledwidge,Chongju University,Marketing,jledwidge42@amazon.co.jp,AR
148,Laura,Skullet,Ecole Supérieure de Chimie Physique Electronique de Lyon,Product Management,lskullet43@psu.edu,PA
149,Jaquelyn,Franzewitch,Ecole Nationale du Génie de l'Eau et de l'Environnement de Strasbourg,Support,jfranzewitch44@yelp.com,TN
150,Friederike,Cave,The Kingdom University,Research and Development,fcave45@storify.com,FL
151,Marlane,Depke,Lebanese American University,Research and Development,mdepke46@nymag.com,CA
152,Warren,Beasleigh,St. Thomas University,Research and Development,wbeasleigh47@go.com,FL
153,Tatiania,Rettie,University of Manila,Sales,trettie48@china.com.cn,TX
154,Quentin,Kindleysides,Santa Clara University,Human Resources,qkindleysides49@ning.com,IN
155,Beverley,Cossam,La Trobe University,Engineering,bcossam4a@youtube.com,VA
156,Neill,Tiuit,Faculdades Integradas do Brasil - UNIBRASIL,Legal,ntiuit4b@so-net.ne.jp,TX
157,Daffi,Devonport,Orenburg State University,Product Management,ddevonport4c@ovh.net,TX
158,Rock,Cavaney,Ecole Supérieure de Chimie Organique et Minérale,Product Management,rcavaney4d@about.me,NY
159,Fitzgerald,Pollok,Misr University for Sience and Technology,Training,fpollok4e@soup.io,MN
160,Daune,Sneyd,Universidad Católica Andres Bello,Accounting,dsneyd4f@seesaa.net,CA
161,Tobit,Bertin,St. Bernard's Institute,Business Development,tbertin4g@huffingtonpost.com,CA
162,Corrie,Cotesford,Institut Teknologi Adhi Tama Surabaya,Engineering,ccotesford4h@rambler.ru,VA
163,Cleavland,Scheffler,Cleveland Institute of Art,Services,cscheffler4i@npr.org,NY
164,Tawnya,Tommaseo,Xavier University,Training,ttommaseo4j@youtube.com,TX
165,Skelly,Shadfourth,Universiti Kuala Lumpur Malaysian Institute of Information Technology (MIIT),Business Development,sshadfourth4k@noaa.gov,UT
166,Kristyn,MacVean,Hope Africa University,Training,kmacvean4l@github.com,FL
167,Loraine,Scarbarrow,Limkokwing University College of Creative Technology,Services,lscarbarrow4m@ifeng.com,ID
168,Syd,Alasdair,St. Paul's College,Training,salasdair4n@wisc.edu,IN
169,Cal,Manueli,Acharya Ranga Agricultural University,Business Development,cmanueli4o@diigo.com,IL
170,Maye,Doale,Kyoto Pharmaceutical University,Human Resources,mdoale4p@is.gd,NY
171,Adolpho,Dobson,Hebei University,Support,adobson4q@fc2.com,CA
172,Win,Thornthwaite,Jomo Kenyatta University of Agriculture and Technology,Engineering,wthornthwaite4r@blogger.com,TX
173,Friedrich,Georgeot,Université des Sciences et de la Technologie Houari Boumediène,Research and Development,fgeorgeot4s@hexun.com,FL
174,Aldus,Millery,Ecole Nationale des Travaux Publics de l'Etat,Legal,amillery4t@bigcartel.com,TX
175,Cleve,Allitt,Majan University College,Legal,callitt4u@marketwatch.com,CA
176,Patrizius,Gowthorpe,Port Said University,Marketing,pgowthorpe4v@xrea.com,IN
177,Conroy,Edmons,Gezira College of Technology,Support,cedmons4w@edublogs.org,WA
178,Correy,Guerrier,Beijing Information Science and Technology University,Human Resources,cguerrier4x@cornell.edu,NY
179,Ailis,Bingle,Universitat de Vic,Legal,abingle4y@army.mil,TX
180,Neddie,Waterfield,Universidad Central del Caribe,Accounting,nwaterfield4z@engadget.com,FL
181,Farrel,Colten,Thomas College Maine,Legal,fcolten50@umn.edu,MO
182,Hammad,Whitlaw,Universidad Hispanoamericana,Training,hwhitlaw51@hp.com,FL
183,Drucie,Roxburch,Ohio University - Southern,Research and Development,droxburch52@google.com,WI
184,Jule,Meletti,Universidade Santa Cecília dos Bandeirantes,Legal,jmeletti53@newsvine.com,TN
185,Wrennie,Jurek,Kar University,Services,wjurek54@skype.com,CA
186,Ricca,Wincott,Pontificio Ateneo Antonianum,Sales,rwincott55@stumbleupon.com,CA
187,Gwenneth,Brunker,Konyang University,Human Resources,gbrunker56@yahoo.com,TX
188,Brendan,Downse,Newschool of Architecture and Design,Support,bdownse57@artisteer.com,MO
189,Lind,Pocke,Gotland University College,Human Resources,lpocke58@umn.edu,MN
190,Kippy,Moorcraft,University of Mary Hardin-Baylor,Training,kmoorcraft59@typepad.com,FL
191,Andrea,Leeder,The Defiance College,Engineering,aleeder5a@aboutads.info,DE
192,Brannon,Olphert,Yaroslavl State Technical University,Sales,bolphert5b@gmpg.org,GA
193,Perice,Castelot,Xiangtan Normal University,Services,pcastelot5c@google.fr,CA
194,Claudia,Antonijevic,University of Wollongong - Dubai Campus,Human Resources,cantonijevic5d@smugmug.com,TN
195,Enrika,Kinningley,Université Laval,Legal,ekinningley5e@naver.com,NV
196,Orelle,Whibley,University of Science and Technology Sana'a,Human Resources,owhibley5f@weebly.com,OH
197,Phelia,Machin,Tamil University,Accounting,pmachin5g@list-manage.com,MT
198,Elbert,Pfeiffer,Chonbuk Sanup University of Technology (Howon University),Human Resources,epfeiffer5h@youtube.com,AL
199,Catharina,Dennett,Martin Methodist College,Engineering,cdennett5i@ihg.com,OH
200,Bird,McArdle,"Islamic Azad University, Najaf Abad",Product Management,bmcardle5j@stumbleupon.com,AL
201,Justis,Feathers,Universidade Federal da Paraíba,Support,jfeathers5k@google.nl,OK
202,Kath,Elleray,Northwestern University In Qatar,Research and Development,kelleray5l@fotki.com,CA
203,Ag,Rozalski,Ho Chi Minh City University of Medicine and Pharmacy,Training,arozalski5m@nps.gov,FL
204,Roy,Bartoszek,Harding University Graduate School of Religion,Accounting,rbartoszek5n@sfgate.com,NC
205,Erminie,Melpuss,Saint Mary's University,Product Management,emelpuss5o@marketwatch.com,MD
206,Cecile,Lyste,Jai Narayan Vyas University,Human Resources,clyste5p@dropbox.com,WA
207,Lonnard,Tweddell,China University of Mining Technology - Beijing,Sales,ltweddell5q@boston.com,OH
208,Kathryn,Beatty,Green Mountain College,Marketing,kbeatty5r@sphinn.com,FL
209,Tawsha,Crossby,Herzen State Pedagogical University of Russia,Services,tcrossby5s@thetimes.co.uk,MN
210,Jenni,Merrin,Dallas Christian College,Services,jmerrin5t@redcross.org,MN
211,Guntar,Kenrick,Our Lady of Fatima University,Engineering,gkenrick5u@furl.net,CA
212,Corry,Durant,Bond University,Human Resources,cdurant5v@indiegogo.com,OK
213,Emelen,Libbis,University of Aden,Legal,elibbis5w@gov.uk,TX
214,Janos,Eccleston,Altai State University,Services,jeccleston5x@mit.edu,MN
215,Marcy,Kevlin,Northwest University,Business Development,mkevlin5y@fc2.com,OH
216,Garrek,Comizzoli,Bahcesehir University,Human Resources,gcomizzoli5z@redcross.org,OH
217,Wally,Godmar,University of Tennessee - Knoxville,Product Management,wgodmar60@dmoz.org,AL
218,Klaus,Jensen,International University of Sarajevo,Engineering,kjensen61@illinois.edu,TX
219,Mirabel,Matas,Universidad del Caribe,Support,mmatas62@yelp.com,IL
220,Gavrielle,Sadlier,University of Presov,Sales,gsadlier63@hp.com,FL
221,Hartley,Weddeburn,Milwaukee Institute of Art and Design,Legal,hweddeburn64@nhs.uk,AL
222,Evie,Buckthorpe,Technical University of Gdansk,Legal,ebuckthorpe65@bizjournals.com,NC
223,Jenifer,Rushbrook,Brexgata University Academy,Business Development,jrushbrook66@cnet.com,KY
224,Callida,Awdry,"Concordia University, Irvine",Business Development,cawdry67@aol.com,NV
225,Holden,Shearwood,Hijiyama University,Marketing,hshearwood68@house.gov,RI
226,Sonni,Sidaway,Shaheed Rajaei Teacher Training University,Engineering,ssidaway69@amazonaws.com,LA
227,Cherise,Drable,Kansai Medical University,Sales,cdrable6a@howstuffworks.com,CA
228,Scotti,L'argent,Mie University,Sales,slargent6b@ezinearticles.com,GA
229,Elsinore,Imesson,Moscow University Touro,Accounting,eimesson6c@macromedia.com,UT
230,Keri,Stuttard,Royal University of Agriculture,Product Management,kstuttard6d@pbs.org,OK
231,Delbert,Hilldrop,Glenville State College,Human Resources,dhilldrop6e@slideshare.net,FL
232,Lebbie,Redier,Dokuz Eylül University,Product Management,lredier6f@furl.net,AL
233,Shelly,Patterson,Jalalabad State University Kyrgyzstan,Product Management,spatterson6g@indiegogo.com,MO
234,Cynde,Chaters,Universidad Latinoamericana de Ciencia y Tecnología,Legal,cchaters6h@washingtonpost.com,CA
235,Emogene,Ranson,University of Macerata,Marketing,eranson6i@ed.gov,DC
236,Kirby,Joul,Universidad Nacional Santiago Antúnez de Mayolo,Research and Development,kjoul6j@vk.com,NC
237,Obadiah,Stuther,Kabul Education University,Marketing,ostuther6k@reference.com,WV
238,Augy,Stopford,Sage Graduate School,Training,astopford6l@miibeian.gov.cn,OH
239,Irving,Duesberry,National Dong Hwa University,Engineering,iduesberry6m@nbcnews.com,DC
240,Raimund,Fazackerley,An-Najah National University,Training,rfazackerley6n@facebook.com,VA
241,Fonz,Manicomb,Grantham University,Services,fmanicomb6o@amazon.com,NC
242,Rori,Geard,University of Mosul,Training,rgeard6p@google.it,VA
243,Craggie,Boler,Olabisi Onabanjo University ,Engineering,cboler6q@xing.com,CA
244,Angelika,Waber,University of Connecticut at Avery Point,Engineering,awaber6r@ihg.com,OH
245,Edithe,Geill,Universidad Cardenal Herrera-CEU,Marketing,egeill6s@furl.net,NV
246,Preston,Heart,Indus Institute of Higher Education,Support,pheart6t@time.com,GA
247,Ruthie,Du Hamel,Anhui Medical University,Product Management,rduhamel6u@goo.ne.jp,FL
248,Oriana,Streetley,Universidade Moderna de Lisboa,Support,ostreetley6v@dedecms.com,CA
249,Emmerich,Pirdue,"Long Island University, Southampton College",Legal,epirdue6w@google.co.uk,VA
250,Brittney,Karpman,Universitas Pancasakti Tegal,Business Development,bkarpman6x@dell.com,FL
251,Berte,Bason,Design Institute of San Diego,Research and Development,bbason6y@nationalgeographic.com,TX
252,Marcy,Sebrook,Universitas Sriwijaya,Human Resources,msebrook6z@infoseek.co.jp,TX
253,Wilmer,Jamson,"Schiller International University, Paris",Sales,wjamson70@wired.com,AL
254,Dyana,Warn,Northeastern University,Marketing,dwarn71@ask.com,CA
255,Filberto,Tolfrey,California Polytechnic State University - San Luis Obispo,Product Management,ftolfrey72@reference.com,OH
256,Kippie,Royl,Lancaster Bible College,Legal,kroyl73@pinterest.com,FL
257,Jamaal,Thompson,Guilan University,Business Development,jthompson74@live.com,PA
258,Doti,Clementson,Viterbo College,Services,dclementson75@bbb.org,DC
259,Marvin,Schrinel,Oglethorpe University,Marketing,mschrinel76@github.com,VA
260,Vassily,Sorrie,Dongbei University of Finance And Economics,Services,vsorrie77@goodreads.com,TX
261,Pen,Neenan,University of Texas Health Center at Tyler,Business Development,pneenan78@w3.org,FL
262,Ulysses,Gamble,Dickinson State University,Engineering,ugamble79@slideshare.net,NM
263,Marcus,Mycock,Université du Québec à Montréal,Research and Development,mmycock7a@vinaora.com,TN
264,Jefferey,Waghorn,Fachhochschule Salzburg,Marketing,jwaghorn7b@furl.net,TX
265,Jarvis,Mathan,Catholic University of Pusan,Marketing,jmathan7c@japanpost.jp,TX
266,Kile,McGilvra,Kogakkan University,Engineering,kmcgilvra7d@cargocollective.com,NY
267,Conrade,Karpman,Deen Dayal Upadhyay Gorakhpur University,Business Development,ckarpman7e@java.com,CT
268,Olympe,McIlvoray,Universität Rostock,Research and Development,omcilvoray7f@newsvine.com,TX
269,Steffen,Hearthfield,United States Naval Academy,Training,shearthfield7g@mozilla.com,NY
270,Iosep,Moro,Mekelle University,Product Management,imoro7h@taobao.com,NJ
271,Courtenay,Roxburgh,Hacettepe University,Human Resources,croxburgh7i@homestead.com,NY
272,Jefferey,Storm,FAST - National University of Computer and Emerging Sciences (NUCES),Training,jstorm7j@squidoo.com,GA
273,Ilka,Andrysiak,Iglobal University,Training,iandrysiak7k@webmd.com,FL
274,Cecilio,Wooding,Nigde University,Support,cwooding7l@ehow.com,IL
275,Claiborne,Geaney,Lamphun College of Agriculture and Technology,Support,cgeaney7m@vistaprint.com,TX
276,Robby,Sainsberry,Modern Sciences & Arts University,Legal,rsainsberry7n@cafepress.com,WV
277,Tildi,Gammet,National University,Marketing,tgammet7o@cmu.edu,WA
278,Yardley,Kauscher,Seowon University,Sales,ykauscher7p@free.fr,TX
279,Jarret,Mealand,Universidad Femenina del Sagrado Corazón,Support,jmealand7q@youtu.be,FL
280,Roma,Lathee,Kwangju National University of Education,Support,rlathee7r@tiny.cc,MI
281,Ludwig,Gerant,University of Forestry Sofia,Support,lgerant7s@utexas.edu,TX
282,Far,Ridpath,Irkutsk State University,Accounting,fridpath7t@soundcloud.com,NC
283,Umberto,Hallut,"City University of New York, Graduate School and University Center",Support,uhallut7u@plala.or.jp,VA
284,Enos,Pilpovic,Simpson College Iowa,Support,epilpovic7v@wordpress.org,TN
285,Korella,Bradberry,United States Merchant Marine Academy,Research and Development,kbradberry7w@cbslocal.com,MD
286,Johannes,Chyuerton,Technical University of Mining and Metallurgy Ostrava,Training,jchyuerton7x@java.com,TX
287,Hilary,MacQuaker,Luther College,Product Management,hmacquaker7y@jimdo.com,UT
288,Blanca,Roads,Universidad Autónoma Metropolitana - Azcapotzalco,Business Development,broads7z@reverbnation.com,CA
289,Timotheus,Wragge,Modern Acadmy,Product Management,twragge80@jugem.jp,DC
290,Giffard,Backe,University of Dongola,Legal,gbacke81@theatlantic.com,MN
291,Ardelia,Venners,Foundation University,Marketing,avenners82@plala.or.jp,CA
292,Cecilius,Ricciardiello,Sadjad Institute of Technology,Human Resources,cricciardiello83@g.co,TX
293,Ceil,McKinnon,Ecole Centrale de Nantes,Support,cmckinnon84@usda.gov,TX
294,Adamo,Delamar,St. Peter's College,Legal,adelamar85@privacy.gov.au,FL
295,Collie,Evert,Universidad Monsenor Oscar Arnulfo Romeo,Accounting,cevert86@ustream.tv,FL
296,Zebulon,Eustes,Deylaman Institute of Higher Education,Sales,zeustes87@craigslist.org,TX
297,Kennedy,Lammenga,PTPL College,Engineering,klammenga88@cafepress.com,UT
298,Odie,Ring,"Birla Institute of Technology, Ranchi",Legal,oring89@jigsy.com,KY
299,Wiley,Gowman,Centro Escolar University,Marketing,wgowman8a@si.edu,MN
300,Randi,Woodberry,Free Will Baptist Bible College,Research and Development,rwoodberry8b@tuttocitta.it,MI
301,Helyn,Forsey,Universitas Lancang Kuning,Sales,hforsey8c@instagram.com,MS
302,Georgette,Alenichicov,"University of New Brunswick, Saint John",Marketing,galenichicov8d@china.com.cn,LA
303,Josy,Ducker,Universidad Tecnológica de Pereira,Support,jducker8e@themeforest.net,NV
304,Rickie,Wildgoose,Al Rasheed University College,Support,rwildgoose8f@cbslocal.com,UT
305,Morrie,Jobke,University of Oxford,Training,mjobke8g@accuweather.com,NC
306,Janifer,Suermeiers,Saitama Institute of Technology,Services,jsuermeiers8h@dropbox.com,TX
307,Mildred,Rutledge,Western Mindanao State University,Product Management,mrutledge8i@auda.org.au,TX
308,Carleen,Vickarman,Facultés Universitaires Saint-Louis,Accounting,cvickarman8j@de.vu,CA
309,Shanna,Arrault,Universität Klagenfurt,Accounting,sarrault8k@google.co.uk,CO
310,Dawn,Shord,Chongju National University of Education,Legal,dshord8l@surveymonkey.com,CA
311,Everard,Maton,Ave Maria University,Product Management,ematon8m@oaic.gov.au,IL
312,Jillayne,Marchetti,University of Hawaii - Hilo,Services,jmarchetti8n@icio.us,CO
313,Marla,Stoddard,National Taiwan University,Human Resources,mstoddard8o@ucla.edu,WI
314,Fabian,Marconi,Qom University,Human Resources,fmarconi8p@unblog.fr,IA
315,Aguistin,Koppelmann,Universidad del Desarrollo,Legal,akoppelmann8q@cnbc.com,LA
316,Garry,Rutherford,Fachhochschule Neu-Ulm,Engineering,grutherford8r@histats.com,MA
317,Douglas,Rumin,Technological University (Pathein),Product Management,drumin8s@mapquest.com,VA
318,Vere,Twinn,Kendall College of Art and Design,Accounting,vtwinn8t@phpbb.com,IN
319,Geoffry,Bancroft,Kurashiki Sakuyo University,Human Resources,gbancroft8u@businessinsider.com,FL
320,Neda,Blacklock,Maharishi University of Management,Human Resources,nblacklock8v@eepurl.com,FL
321,Buffy,Moultrie,Saga Medical School,Support,bmoultrie8w@usgs.gov,TX
322,Kit,Cosgreave,Prairie View Agricultural and Mechanical University,Marketing,kcosgreave8x@google.pl,CT
323,Adler,Shuard,Bangladesh University of Professionals,Sales,ashuard8y@dion.ne.jp,MO
324,Essy,Bletcher,Rhodes University,Product Management,ebletcher8z@slideshare.net,RI
325,Alejandro,Windley,Blessing-Rieman College of Nursing,Support,awindley90@meetup.com,IN
326,Kristofor,Riccardi,Ho Chi Minh City University of Natural Sciences,Product Management,kriccardi91@wordpress.org,PA
327,Lizette,Antoniades,Atyrau State University,Business Development,lantoniades92@so-net.ne.jp,MA
328,Estel,Bardill,Heilongjiang August 1st Reclamation University,Research and Development,ebardill93@infoseek.co.jp,MO
329,Kiele,Redmayne,Effat College,Accounting,kredmayne94@livejournal.com,OH
330,Ephrayim,Leeke,Hochschule Darmstadt,Marketing,eleeke95@auda.org.au,NY
331,Gale,Losano,University of Urbino,Marketing,glosano96@dmoz.org,FL
332,Theressa,Cobello,Voronezh State University,Training,tcobello97@t.co,TX
333,Deanna,Langeren,"City University of New York, Graduate School and University Center",Business Development,dlangeren98@theguardian.com,TX
334,Vick,Le Pine,Miami University of Ohio,Business Development,vlepine99@arizona.edu,TX
335,Isador,Toffanelli,Immaculata University,Accounting,itoffanelli9a@1688.com,CA
336,Daniela,Shepeard,University of Kansas,Business Development,dshepeard9b@diigo.com,TX
337,Hali,Rubin,Addis Ababa Science & Technology University,Product Management,hrubin9c@seesaa.net,DC
338,Bea,MacNess,Université de Ouagadougou,Legal,bmacness9d@gov.uk,MO
339,Ramona,Hallgate,Franciscan University of Steubenville,Research and Development,rhallgate9e@chicagotribune.com,CO
340,Aldon,Galvin,Amravati University,Services,agalvin9f@pbs.org,TX
341,Foss,Szymaniak,Himachal Pradesh Agricultural University,Business Development,fszymaniak9g@apple.com,NH
342,Byron,Renvoys,Maine College of Art,Engineering,brenvoys9h@mtv.com,AZ
343,Sharline,Sancho,Universidad Adventista de Bolivia,Support,ssancho9i@cdbaby.com,IA
344,Ellette,Hegg,University of Seychelles - American Institute of Medicine,Support,ehegg9j@unesco.org,CA
345,Gilly,Heaslip,Indian School of Mines (ISM),Human Resources,gheaslip9k@cyberchimps.com,FL
346,Winthrop,Starkie,Capella University,Engineering,wstarkie9l@google.co.uk,CA
347,Vilma,Ferrar,University of South Carolina - Lancaster,Human Resources,vferrar9m@naver.com,IL
348,Andra,Texton,Pädagogische Hochschule Freiburg,Sales,atexton9n@vimeo.com,FL
349,Cammi,Le Surf,Guangxi Medical University,Legal,clesurf9o@dailymail.co.uk,PA
350,Matthias,Dufer,Universitas 17 Agustus 1945 Semarang,Engineering,mdufer9p@smugmug.com,NV
351,Tricia,Stivers,International University in Germany,Marketing,tstivers9q@mapy.cz,MO
352,Colly,Petherick,Taibah University,Training,cpetherick9r@yellowbook.com,IN
353,Sanson,Alibone,Universidad de Cartago,Business Development,salibone9s@macromedia.com,VA
354,Cris,Bartram,ifs University College,Support,cbartram9t@hp.com,NY
355,Demetrius,Inston,Rocky Mountain College of Art and Design,Research and Development,dinston9u@artisteer.com,UT
356,Lela,Josowitz,Meio University,Research and Development,ljosowitz9v@sogou.com,UT
357,Orsa,Oakman,Upper Nile University,Legal,ooakman9w@ifeng.com,NY
358,Daisi,Heinsh,Koriyama Women's University and College,Marketing,dheinsh9x@cnn.com,CT
359,Maje,Tennewell,Universidad Popular del Cesar,Support,mtennewell9y@nymag.com,OK
360,Bartolemo,Goreisr,Grenoble Ecole de Management,Product Management,bgoreisr9z@51.la,OH
361,Elizabet,McMurrugh,University of Roorkee,Support,emcmurrugha0@123-reg.co.uk,DC
362,Dannel,Mora,Tokyo Medical College,Engineering,dmoraa1@godaddy.com,TX
363,Alexandrina,Seczyk,Marymount College New York,Marketing,aseczyka2@usgs.gov,OH
364,Gretel,de Bullion,SMK Fomra Institute of Technology,Sales,gdebulliona3@ted.com,MN
365,Guillaume,Wildes,The Cooper Union for the Advancement of Science and Art,Product Management,gwildesa4@studiopress.com,TX
366,Eryn,Prewett,Martin Methodist College,Product Management,eprewetta5@virginia.edu,FL
367,Debbi,Collings,St. Joseph University Beirut,Product Management,dcollingsa6@instagram.com,AL
368,Myrwyn,Andrieu,Private Hanseuniversität,Engineering,mandrieua7@hud.gov,CO
369,Jaquelin,Deavall,Indiana University of Pennsylvania,Marketing,jdeavalla8@virginia.edu,PA
370,Rafa,Malden,Universidade Veiga de Almeida,Human Resources,rmaldena9@theguardian.com,GA
371,Waylen,Teall,High Point University,Marketing,wteallaa@yale.edu,TX
372,Aubrie,Tumioto,Institut National des Télécommunications,Services,atumiotoab@miitbeian.gov.cn,PA
373,Palmer,Recher,Kampala International University,Legal,precherac@facebook.com,TX
374,Katheryn,Burras,Tallinn University of Technology,Engineering,kburrasad@w3.org,CA
375,Terence,Escritt,Crescent University,Legal,tescrittae@biblegateway.com,TX
376,Binky,Leet,Yangzhou University,Support,bleetaf@parallels.com,FL
377,Linc,Oluwatoyin,Gordon Conwell Theological Seminary,Services,loluwatoyinag@last.fm,VA
378,Nancee,Angrick,Tokai Gakuen University,Accounting,nangrickah@usatoday.com,OH
379,Velvet,Hug,Aimst University,Legal,vhugai@unblog.fr,AZ
380,Jillie,Jepp,Ufuk University,Human Resources,jjeppaj@amazonaws.com,MO
381,Maia,Cotterill,Libya Open University,Product Management,mcotterillak@woothemes.com,OH
382,Drew,Preedy,"Cleveland Chiropractic College, Kansas City",Marketing,dpreedyal@jigsy.com,AZ
383,Ellissa,Laurant,Universidad de Aconcagua,Support,elaurantam@examiner.com,OR
384,Laurene,Gallety,Chongqing University,Marketing,lgalletyan@networksolutions.com,TX
385,Ibbie,Whiteside,Loyola University of Chicago,Human Resources,iwhitesideao@free.fr,VA
386,Felipe,Shooter,Russian Academy of Theatre Arts,Support,fshooterap@japanpost.jp,DE
387,Stacie,Fullick,D'Youville College,Training,sfullickaq@dell.com,VA
388,Kit,Kerfoot,Damascus University,Research and Development,kkerfootar@macromedia.com,CO
389,Curcio,Matthews,Ithaca College,Accounting,cmatthewsas@stumbleupon.com,TN
390,Jerrylee,Ragsdale,Shokei College,Human Resources,jragsdaleat@scientificamerican.com,OH
391,Faustine,Thomesson,Dnepropetrovsk National University of Railway Transport,Business Development,fthomessonau@themeforest.net,NY
392,Townsend,Cronchey,Australian Lutheran College,Human Resources,tcroncheyav@creativecommons.org,FL
393,Beverly,Eades,Universidad Industrial de Santander,Product Management,beadesaw@weibo.com,PA
394,Aeriel,MacMechan,Angeles University,Legal,amacmechanax@chicagotribune.com,NY
395,Abel,Joy,Universität Rostock,Services,ajoyay@earthlink.net,MI
396,Kristoffer,Rime,"Islamic Azad University, Majlesi",Sales,krimeaz@samsung.com,IL
397,Nicolina,Giametti,Kyoto Seika University,Sales,ngiamettib0@wisc.edu,AL
398,Christyna,Sher,Sultan Haji Ahmad Shah Polytechnic,Research and Development,csherb1@loc.gov,CA
399,Scarface,Camamill,University of Limerick,Accounting,scamamillb2@hugedomains.com,MN
400,Romain,Sarrell,Gansu University of Technology,Support,rsarrellb3@columbia.edu,LA
401,Loraine,Frances,Cranfield University,Engineering,lfrancesb4@lulu.com,TX
402,Konstantine,Ciciari,Sabzevar Teacher Training University,Support,kciciarib5@scribd.com,CO
403,Deerdre,Loncaster,Binus University,Accounting,dloncasterb6@hao123.com,IL
404,Janeta,Fowlestone,Wuxi University of Light Industry,Business Development,jfowlestoneb7@umich.edu,PA
405,Evelyn,Shacklady,University of International Business,Research and Development,eshackladyb8@examiner.com,TX
406,Baryram,Crowd,Universidad de Matanzas Camilo Cienfuegos,Human Resources,bcrowdb9@toplist.cz,CA
407,Ailey,Headington,Université de N'Djamena,Services,aheadingtonba@wikipedia.org,OK
408,Aileen,Walbrook,Universidad México Americana del Norte,Services,awalbrookbb@ucla.edu,KY
409,Ashli,Rosetti,Agricultural University of Cracow,Accounting,arosettibc@ucla.edu,MI
410,Marty,Klageman,Kyushu Women's University,Services,mklagemanbd@oracle.com,IL
411,Fletcher,Cromleholme,Australian Lutheran College,Training,fcromleholmebe@usatoday.com,CA
412,Arlene,Feragh,Al-hikmah University,Accounting,aferaghbf@goo.gl,IL
413,Charmane,Eastmead,Atlantic University,Training,ceastmeadbg@state.tx.us,FL
414,Efrem,Rubenovic,University of Bihac,Research and Development,erubenovicbh@cargocollective.com,CO
415,Nappie,Pauleit,National Hualien Teachers College,Legal,npauleitbi@google.com.br,CA
416,Sinclair,Hardware,"Birkbeck College, University of London",Support,shardwarebj@tumblr.com,FL
417,Stevie,Sanderson,Ecole Supérieure de Commerce de Paris,Services,ssandersonbk@senate.gov,TX
418,Armando,Darwen,Otaru University of Commerce,Training,adarwenbl@unicef.org,MA
419,Tab,Harrismith,Vlerick Leuven Gent Management School,Legal,tharrismithbm@china.com.cn,TN
420,Griselda,Bohje,Eastern Mennonite University,Engineering,gbohjebn@gravatar.com,NC
421,Barney,Meyer,Soongsil University,Legal,bmeyerbo@theglobeandmail.com,FL
422,Pierre,Brunotti,Université François Rabelais de Tours,Training,pbrunottibp@geocities.jp,AZ
423,Berta,Kennady,"Federal Polytechnic Bauchi, Nigeria",Services,bkennadybq@barnesandnoble.com,TX
424,Dag,Danigel,Academy of Economics in Wroclaw,Human Resources,ddanigelbr@paginegialle.it,KY
425,Mathian,Koppens,Bukkyo University,Engineering,mkoppensbs@hao123.com,PA
426,Shandy,Viggers,Marygrove College,Engineering,sviggersbt@ucoz.com,NY
427,Cass,Python,Kirchliche Hochschule Wuppertal,Engineering,cpythonbu@fastcompany.com,PA
428,Angelika,Seagrave,University of Southern California,Support,aseagravebv@feedburner.com,CA
429,Koral,Cuzen,Trinity University,Business Development,kcuzenbw@hao123.com,TX
430,Monte,Groombridge,University of Alaska - Anchorage,Services,mgroombridgebx@youtu.be,DC
431,Lisetta,Mapholm,Universidad del Tepeyac,Services,lmapholmby@nyu.edu,CO
432,Booth,McDunlevy,Caritas University,Services,bmcdunlevybz@so-net.ne.jp,TX
433,Vito,Giovanardi,Posts & Telecommunications Institute of Technology,Accounting,vgiovanardic0@vk.com,TX
434,Shelley,Dengate,London Institute of Management and Technology,Training,sdengatec1@sakura.ne.jp,CA
435,Hi,Berriman,Shumei University,Support,hberrimanc2@google.de,TX
436,Davidde,Naptine,Fukui University of Technology,Accounting,dnaptinec3@apple.com,FL
437,Hartley,Capozzi,"Music Academy ""Stanislaw Moniuszko"" in Gdansk",Business Development,hcapozzic4@google.de,OH
438,Harriette,Ramirez,Soka University,Marketing,hramirezc5@usatoday.com,CA
439,Dyana,Forseith,Universidad Nacional del Este,Business Development,dforseithc6@nasa.gov,NV
440,Philippine,Gowanlock,Technological Education Institute of Patras,Services,pgowanlockc7@google.ca,LA
441,Shannan,Gatus,Annamalai University,Sales,sgatusc8@berkeley.edu,NY
442,Florina,Bonus,Hochschule Coburg,Support,fbonusc9@trellian.com,CA
443,Zorina,Jodrelle,Universidad Academia de Humanismo Cristiano,Legal,zjodrelleca@ox.ac.uk,TX
444,Adey,Delue,Nizhny Novgorod State University,Sales,adeluecb@vkontakte.ru,CA
445,Carlyn,Couling,University of Aberdeen,Services,ccoulingcc@clickbank.net,OK
446,Everard,Niesegen, Technological University (Yangon),Legal,eniesegencd@dot.gov,TX
447,Keslie,Hobell,University Of Medical Sciences & Technology (UMST),Legal,khobellce@yolasite.com,CO
448,Inness,Lomas,Universidad Francisco de Vitoria,Training,ilomascf@vistaprint.com,IL
449,Cynthea,Gilmour,Sunway University College,Marketing,cgilmourcg@de.vu,MN
450,Vanda,Barns,Marist College,Services,vbarnsch@ovh.net,FL
451,Izzy,Hewes,St. Michael's College,Services,ihewesci@army.mil,DC
452,Ralph,Godsal,Tokushima University,Business Development,rgodsalcj@example.com,NJ
453,Hortense,Balstone,Southwest Texas State University,Research and Development,hbalstoneck@thetimes.co.uk,OR
454,Magda,Teas,University of Arkansas at Fayetteville,Sales,mteascl@yandex.ru,FL
455,Lulita,Tollmache,Uganda Martyr's University,Support,ltollmachecm@bbc.co.uk,MA
456,Trumann,McMurtyr,"Central University of Technology, Free State",Product Management,tmcmurtyrcn@utexas.edu,AL
457,Bee,Cowdroy,Fashion Institute of New York,Accounting,bcowdroyco@lycos.com,CT
458,Jemimah,Grenter,American Film Institute Center for Advanced Film and Television Studies,Support,jgrentercp@apple.com,IL
459,Annabell,Phillips,National Pirogov Memorial Medical University,Human Resources,aphillipscq@1und1.de,DC
460,Maxie,Warrington,Nangarhar University,Business Development,mwarringtoncr@springer.com,FL
461,Emelyne,Laird,Universität Siegen,Business Development,elairdcs@livejournal.com,TX
462,Yettie,Bullin,Jigjiga University,Marketing,ybullinct@blinklist.com,CA
463,Seamus,Vanyatin,Universidad Latina de Costa Rica,Accounting,svanyatincu@diigo.com,TX
464,Jo-anne,Di Franceshci,Indian Veterinary Research Institute,Support,jdifranceshcicv@meetup.com,LA
465,Lancelot,Stopher,Universität Mannheim,Sales,lstophercw@dot.gov,CO
466,Michaeline,Swinglehurst,Institut National Supérieur de Formation Agro-Alimentaire,Support,mswinglehurstcx@google.pl,MI
467,Betty,Di Matteo,Tierärztliche Hochschule Hannover,Sales,bdimatteocy@baidu.com,AR
468,Sonya,Sail,Hajvery University Lahore for Women,Legal,ssailcz@irs.gov,WI
469,Salvatore,Cliss,Nanjing University,Business Development,sclissd0@facebook.com,CA
470,Kittie,Eck,"Fachhochschule Pforzheim, Hochschule für Gestaltung, Technik und Wirtschaft",Accounting,keckd1@infoseek.co.jp,CA
471,Lilly,Whittaker,Universidad Chileno Britanica de Cultura,Human Resources,lwhittakerd2@thetimes.co.uk,NY
472,Jennine,Burlingame,Ritsumeikan Asia Pacific University,Accounting,jburlingamed3@netlog.com,WA
473,Clim,Penddreth,Miyagi Gakuin Women's College,Engineering,cpenddrethd4@gmpg.org,OH
474,Tarrance,Lorentzen,Al-Jabal Al-Gharbi University,Product Management,tlorentzend5@slashdot.org,PA
475,Alika,Jacmar,Universidad Motolinía del Pedegral,Engineering,ajacmard6@nationalgeographic.com,MN
476,Corrie,Remer,Christendom College,Business Development,cremerd7@example.com,NY
477,Kathye,Speedin,University of Cincinnati,Engineering,kspeedind8@cbslocal.com,CT
478,Luce,Trayhorn,Silpakorn University,Business Development,ltrayhornd9@de.vu,MD
479,Sasha,Deesly,Shimane University,Marketing,sdeeslyda@eventbrite.com,DC
480,Reba,Conrath,Universidad del Bajío,Legal,rconrathdb@spiegel.de,IA
481,Carolynn,Balderston,Schiller International University,Legal,cbalderstondc@google.de,MI
482,Freedman,Kornacki,"Islamic Azad University, Ardabil",Human Resources,fkornackidd@biblegateway.com,NM
483,Halley,Weadick,University of Grigol Robakidze,Accounting,hweadickde@themeforest.net,MD
484,Dodie,Casely,Seonam University,Legal,dcaselydf@163.com,DC
485,Giffie,Coom,Deylaman Institute of Higher Education,Engineering,gcoomdg@omniture.com,SC
486,Auguste,Kidstone,Institute of Management and Economy,Marketing,akidstonedh@ebay.com,FL
487,Wanids,Pounsett,Universidad Mariano Gálvez,Sales,wpounsettdi@artisteer.com,FL
488,Morgana,Diess,Shaheed Beheshti University of Medical Sciences,Support,mdiessdj@sohu.com,TN
489,Erma,Culkin,University of Mohaghegh,Legal,eculkindk@addthis.com,TX
490,York,Nail,Cubidor University Switzerland,Sales,ynaildl@yahoo.com,TX
491,Kenton,Heustace,Indian Law Institue,Human Resources,kheustacedm@patch.com,VA
492,Brinn,Wistance,Martin University,Support,bwistancedn@geocities.com,MA
493,Brien,Perrelli,Dr. C.V. Raman University,Business Development,bperrellido@tiny.cc,HI
494,Hedwig,Hubbucks,Universidade Federal do Rio Grande do Norte,Training,hhubbucksdp@forbes.com,OR
495,Ronni,Jugging,Southern California Institute of Architecture,Sales,rjuggingdq@opera.com,FL
496,Irwin,Dray,Guangdong University of Foreign Studies,Business Development,idraydr@csmonitor.com,KY
497,Francklyn,Gorioli,Odessa National I.I. Mecnikov University,Accounting,fgoriolids@bravesites.com,FL
498,Phillis,De Banke,Greenheart Medical School,Legal,pdebankedt@php.net,NY
499,Eva,Stolli,Hogeschool Utrecht,Marketing,estollidu@google.pl,CO
500,Jana,Buckbee,Morehead State University,Accounting,jbuckbeedv@uiuc.edu,OH
501,Dusty,Dobel,Southern Illinois University at Edwardsville,Training,ddobeldw@ucsd.edu,MN
502,Barbe,Arkle,St. Joseph's University,Engineering,barkledx@example.com,OH
503,Prince,Dunkerton,ENIC Telecom Lille 1,Engineering,pdunkertondy@photobucket.com,SC
504,Laryssa,McNeilley,Universidad de La Salle,Training,lmcneilleydz@discovery.com,CO
505,Addi,Bigglestone,Niigata University of International and Information Studies,Training,abigglestonee0@epa.gov,KY
506,Lyon,Deacock,College of Busniess Admnistration,Services,ldeacocke1@google.co.uk,FL
507,Valentijn,Felce,Pavlodar University,Services,vfelcee2@drupal.org,OK
508,Gwynne,Drugan,London School of Business & Finance,Sales,gdrugane3@lycos.com,NJ
509,Constantino,Redding,"National Academy of Music ""Pantcho Vladigerov""",Support,creddinge4@sohu.com,MA
510,Phil,Attrill,Pontifica Università Gregoriana,Services,pattrille5@istockphoto.com,OH
511,Donnie,Kinlock,Universidade Federal de Rondônia,Accounting,dkinlocke6@usnews.com,CA
512,Matthieu,Artindale,Universidade Vale do Rio dos Sinos,Engineering,martindalee7@prnewswire.com,CA
513,Janette,Glazebrook,Universidad Politécnica de Madrid,Services,jglazebrooke8@tinyurl.com,CA
514,Ingamar,Fetherstonhaugh,Nagoya College of Music,Business Development,ifetherstonhaughe9@mozilla.com,NV
515,Raychel,Tummons,Universitas Negeri Jakarta,Research and Development,rtummonsea@answers.com,ND
516,Malva,Snoding,Mount Vernon Nazarene College,Training,msnodingeb@google.com.br,HI
517,Cecile,Caghy,Universidad Adventista de Chile,Support,ccaghyec@nih.gov,CT
518,Arlina,Gabbitus,Art Institute of Southern California,Legal,agabbitused@cloudflare.com,FL
519,Arabelle,Merrien,University of Milan,Research and Development,amerrienee@mtv.com,CA
520,Xever,Patters,Facultés Universitaires Notre-Dame de la Paix,Human Resources,xpattersef@mac.com,CT
521,Renault,Steeples,Dav University,Marketing,rsteepleseg@umn.edu,MD
522,Viv,Nutting,California College of Arts and Crafts,Human Resources,vnuttingeh@yahoo.com,MO
523,Felix,Cicutto,Universidade Estadual do Oeste do Paraná,Human Resources,fcicuttoei@e-recht24.de,FL
524,Alley,Chancellor,Instituto Superior de Assistentes e Intérpretes,Legal,achancellorej@usnews.com,NY
525,Helaine,Merle,Technische Universität Hamburg-Harburg,Engineering,hmerleek@theguardian.com,NV
526,Ianthe,Brabbins,Alexandria University,Legal,ibrabbinsel@ebay.com,FL
527,Graham,Maunders,Dar al Hekma College,Human Resources,gmaundersem@mashable.com,CA
528,Nicki,Faucherand,Université de Poitiers,Legal,nfaucheranden@nbcnews.com,OR
529,Foss,Ridgedell,St. Augustine University of Tanzania,Accounting,fridgedelleo@infoseek.co.jp,NC
530,Barthel,Alflat,Universidade Federal do Ceará,Services,balflatep@ca.gov,VA
531,Robinett,Feldfisher,Asian University of Science and Technology,Product Management,rfeldfishereq@php.net,NE
532,Kathie,Bonnaire,Tashkent State University of Economics,Services,kbonnaireer@java.com,WA
533,Adria,Matuszinski,Université de Sétif,Training,amatuszinskies@skyrock.com,ID
534,Madelene,Hurley,Hartford Graduate Center (Rensselaer at Hartford),Research and Development,mhurleyet@forbes.com,MI
535,Aeriela,Dewhirst,Aichi Bunkyo University,Support,adewhirsteu@cocolog-nifty.com,ID
536,Monti,Gilson,Amirkabir University of Technology,Accounting,mgilsonev@eepurl.com,NJ
537,Clerkclaude,Mant,University of Southern Maine,Marketing,cmantew@usa.gov,OR
538,Abra,Rangall,Université de Poitiers,Sales,arangallex@hatena.ne.jp,IL
539,Tomkin,Lurriman,Sree Rama Krishna Degree College,Research and Development,tlurrimaney@salon.com,CA
540,Tynan,Heninghem,Universidad Pontificia de Salamanca,Business Development,theninghemez@spotify.com,MN
541,Malachi,Kabsch,St. Thomas Aquinas College,Training,mkabschf0@marriott.com,CA
542,Hermy,Lockhurst,Universidade Federal de Sergipe,Sales,hlockhurstf1@yellowbook.com,TX
543,Joelle,Veysey,Ballsbridge University ,Legal,jveyseyf2@deliciousdays.com,LA
544,Lefty,Epdell,Private Universität Witten/Herdecke,Human Resources,lepdellf3@blogtalkradio.com,OR
545,Victoria,Hanratty,Politeknik Negeri Bandung,Legal,vhanrattyf4@spiegel.de,WI
546,Vonny,Klimowski,Universidad Pedagógica de El Salvador,Human Resources,vklimowskif5@mysql.com,KY
547,Selig,Verlinden,Central Institute of Fisheries Education,Services,sverlindenf6@tuttocitta.it,FL
548,Dennet,Gude,"COMSATS Institute of Information Technology, Abbottabad",Product Management,dgudef7@youku.com,NC
549,Wini,Flipsen,Montserrat College of Art,Legal,wflipsenf8@sakura.ne.jp,ID
550,Sherwin,Jolliff,Université de Tunis,Sales,sjollifff9@g.co,MN
551,Darrin,Swinley,Ursuline College,Business Development,dswinleyfa@usda.gov,TX
552,Constantina,Hantusch,Woosuk University,Marketing,chantuschfb@networksolutions.com,OR
553,Shannon,Lapham,Ecole Nationale d'Ingénieurs de Saint-Etienne,Accounting,slaphamfc@uol.com.br,GA
554,Truda,Isac, Université de Nouakchott,Business Development,tisacfd@sitemeter.com,GA
555,Baryram,Akerman,Brigham Young University Hawaii,Training,bakermanfe@businessinsider.com,OH
556,Konstantin,Brittoner,Davidson College,Research and Development,kbrittonerff@answers.com,TX
557,Lorianne,Aimable,Gujarat University Ahmedabad,Training,laimablefg@dedecms.com,MD
558,Garfield,Brayford,Assam University,Services,gbrayfordfh@mtv.com,GA
559,Zelma,Stone,"Teachers College, Columbia University",Research and Development,zstonefi@home.pl,VA
560,Sandy,McKernan,Basilicata University Potenza,Training,smckernanfj@java.com,NY
561,Darcy,Cruddas,Hebei United University,Product Management,dcruddasfk@networkadvertising.org,FL
562,Felita,Merrall,Tianjin University of Technology,Human Resources,fmerrallfl@utexas.edu,DC
563,Isabelita,De Antoni,Johnson & Wales University,Research and Development,ideantonifm@icio.us,GA
564,Loni,Garforth,Estonian Academy of Arts,Training,lgarforthfn@xinhuanet.com,NC
565,Devondra,McClinton,Araullo University,Training,dmcclintonfo@globo.com,TX
566,Betty,Ayree,Ohka Gakuen University,Services,bayreefp@bing.com,FL
567,Dominic,Windaybank,Brussels School of International Studies,Engineering,dwindaybankfq@umich.edu,FL
568,Con,Kitching,Hatyai University,Research and Development,ckitchingfr@mit.edu,TX
569,Bartram,Antoinet,Duquesne University,Marketing,bantoinetfs@springer.com,IN
570,Abbye,Thorndale,Kamalolmolk Art & Architecture Higher Education Institute of Noshahr,Marketing,athorndaleft@berkeley.edu,IN
571,Orly,Petrak,Universidade do Estado do Rio de Janeiro,Accounting,opetrakfu@google.nl,TX
572,Les,Fitzjohn,Fachhochschule für das öffentliche Bibliothekswesen Bonn,Sales,lfitzjohnfv@globo.com,FL
573,Rois,Peploe,"Institute of Teachers Education, Melaka ",Training,rpeploefw@360.cn,PA
574,Clim,Woodison,Lee University,Support,cwoodisonfx@wikimedia.org,SC
575,Catherina,Heale,Universidade Catolica Portuguesa,Research and Development,chealefy@purevolume.com,VA
576,Filia,Drever,Harvard University,Training,fdreverfz@mac.com,PA
577,Gary,Tebb,"Universidad de Puerto Rico, Bayamon",Training,gtebbg0@sitemeter.com,NJ
578,Reinald,Skelding,Arizona State University,Training,rskeldingg1@photobucket.com,FL
579,Moore,Flucker,Nippon Dental University,Human Resources,mfluckerg2@is.gd,IL
580,Aldin,Weiser,Dav University,Legal,aweiserg3@symantec.com,NY
581,Butch,Galletley,Sheikhbahaee University,Engineering,bgalletleyg4@tiny.cc,VA
582,Maryanna,Littrik,Princeton University,Training,mlittrikg5@chron.com,NJ
583,Legra,Cathersides,Tokyo Gakugei University,Training,lcathersidesg6@multiply.com,OR
584,Amelie,Pauletto,Central Queensland University,Business Development,apaulettog7@si.edu,OH
585,Brandice,Heinecke,Divine Word College of Legazpi,Support,bheineckeg8@smh.com.au,NY
586,Anica,Cleyburn,Universidad Técnica Estatal de Quevedo,Business Development,acleyburng9@example.com,OH
587,Esme,Shearn,North China Electric Power University,Services,eshearnga@ameblo.jp,MO
588,Frasquito,Drable,Persian Gulf University,Marketing,fdrablegb@tmall.com,TX
589,Fleur,Lafuente,Institut Teknologi Brunei,Accounting,flafuentegc@pinterest.com,CA
590,Julee,Wybourne,Sri Venkateswara Institute of Medical Sciences,Services,jwybournegd@mayoclinic.com,AL
591,Brennen,Reedy,Huron University,Accounting,breedyge@admin.ch,CA
592,Whit,Shatford,Universidad de Bologna - Representación en Buenos Aires,Business Development,wshatfordgf@smugmug.com,VA
593,Berna,Davenall,Higher Colleges of Technology,Support,bdavenallgg@zimbio.com,KY
594,Donovan,McEneny,Johnson State College,Human Resources,dmcenenygh@list-manage.com,OH
595,Leonora,Branthwaite,University of Iasi,Business Development,lbranthwaitegi@google.pl,WA
596,Flossi,Foxworthy,International People's College,Business Development,ffoxworthygj@state.tx.us,FL
597,Lanni,Goundry,Damghan University of Basic Sciences,Accounting,lgoundrygk@lycos.com,TX
598,Lucita,Ofer,Université de Reims Champagne-Ardenne,Research and Development,lofergl@hexun.com,TX
599,Alexandros,Audas,Medical University Plovdiv,Research and Development,aaudasgm@printfriendly.com,CO
600,Hilary,O'Kerin,Musashi University,Services,hokeringn@ask.com,MN
601,Clement,Leehane,B. R. Ambedkar Bihar University,Sales,cleehanego@fastcompany.com,HI
602,Hatti,Godsal,Babson College,Business Development,hgodsalgp@gizmodo.com,IA
603,Kylynn,Greensite,Université de Reims Champagne-Ardenne,Sales,kgreensitegq@wiley.com,LA
604,Amanda,Pestridge,University of Seychelles - American Institute of Medicine,Services,apestridgegr@bloglovin.com,FL
605,Araldo,Massen,Engineering College of Copenhagen,Marketing,amassengs@techcrunch.com,NC
606,Heda,Fernando,Oregon State University,Services,hfernandogt@diigo.com,CO
607,Giuseppe,Learmont,University of Rajshahi,Engineering,glearmontgu@examiner.com,MI
608,Tabor,Marlon,Universidade do Grande Rio,Accounting,tmarlongv@redcross.org,OK
609,Georgia,Elegood,Post University of Waterbury,Research and Development,gelegoodgw@shop-pro.jp,TX
610,Julee,Twaits,Jobu University,Engineering,jtwaitsgx@oracle.com,TX
611,Laurette,Brimming,Karatina University,Product Management,lbrimminggy@pinterest.com,IN
612,Marja,Povall,Moldova Technical University,Sales,mpovallgz@oakley.com,NC
613,Denny,Lempertz,"Concordia College, St. Paul",Legal,dlempertzh0@addthis.com,WA
614,Daveta,Tamburo,School of Business and Finance,Human Resources,dtamburoh1@exblog.jp,CA
615,Ami,Grayling,Instituto Politécnico de Setúbal,Accounting,agraylingh2@t-online.de,NY
616,Rudolf,Judgkins,Nizhny Novgorod State Architectural - Building University,Sales,rjudgkinsh3@barnesandnoble.com,TN
617,Lodovico,Balcon,Columbia Union College,Training,lbalconh4@mapy.cz,PA
618,Olivette,Banister,Takoradi Polytechnic ,Services,obanisterh5@barnesandnoble.com,DC
619,Sallyanne,Lacroutz,"Institue of Historical Research, University of London",Marketing,slacroutzh6@feedburner.com,WV
620,Lorry,Govey,Université d'Auvergne (Clermont-Ferrand I),Accounting,lgoveyh7@opensource.org,NC
621,Ezri,Sinderson,Applied Science University,Product Management,esindersonh8@sitemeter.com,CA
622,Odelle,Ludy,Universidad Nacional de Educación Enrique Guzmán y Valle,Legal,oludyh9@abc.net.au,AK
623,Redd,Brice,Inner Mongolia Agricultural University,Sales,rbriceha@linkedin.com,NV
624,Haleigh,Dozdill,Seattle University,Legal,hdozdillhb@opensource.org,CA
625,Robbie,Exter,"Saint George's Hospital Medical School, University of London",Marketing,rexterhc@blog.com,NY
626,Dallas,Millott,Union College Kentucky,Engineering,dmillotthd@wunderground.com,MN
627,Baldwin,Dyde,Florida Agricultural and Mechanical University,Research and Development,bdydehe@accuweather.com,TX
628,Arline,Raymont,National University of Internal Affairs,Research and Development,araymonthf@cbc.ca,LA
629,Hoyt,Willcox,Al-Bukhari International University,Support,hwillcoxhg@hatena.ne.jp,SC
630,Celie,Thickin,Saba University,Support,cthickinhh@cam.ac.uk,CA
631,Seth,Kesteven,Universidad de Hermosillo,Legal,skestevenhi@themeforest.net,CO
632,Bea,Pote,Villanova University,Product Management,bpotehj@storify.com,TX
633,Marja,Hallas,Birmingham City University,Accounting,mhallashk@nba.com,FL
634,Karole,Salazar,Allama Iqbal Open University,Engineering,ksalazarhl@state.gov,IL
635,Maren,Langfitt,Universidad de Palermo,Business Development,mlangfitthm@bandcamp.com,KS
636,Emelyne,Coultass,Université de Marne la Vallée,Human Resources,ecoultasshn@cdbaby.com,VA
637,Mireielle,Poleye,Pontifícia Universidade Católica de São Paulo,Human Resources,mpoleyeho@google.cn,TX
638,Ddene,Smillie,"Universidad ""Juan Agustín Maza""",Legal,dsmilliehp@msu.edu,FL
639,Sher,Breem,"Music Academy ""Felix Nowowiejski"" in Bydgoszcz",Training,sbreemhq@techcrunch.com,MI
640,Rikki,Nears,Mississippi State University,Marketing,rnearshr@cdbaby.com,CO
641,Dexter,Wolver,Asian Institute of Technology,Support,dwolverhs@wp.com,MI
642,Paige,Chance,Cape Coast Polytechnic ,Legal,pchanceht@huffingtonpost.com,NY
643,Angelina,Orthmann,Nanjing Institute of Meteorology,Support,aorthmannhu@behance.net,TX
644,Nessy,Somerton,Mahatma Jyotiba Phule Rohilkhand University Bareilly ,Support,nsomertonhv@free.fr,NE
645,Yardley,Fullicks,Centro de Enseñanza Técnica Industrial,Product Management,yfullickshw@washington.edu,MA
646,Clare,Branney,Fachhochschule Nordhessen,Legal,cbranneyhx@statcounter.com,DC
647,Timothea,Fonteyne,Open University of Tanzania,Training,tfonteynehy@dyndns.org,TX
648,Farrah,Domino,Guru Ghasidas University,Sales,fdominohz@cpanel.net,DC
649,Grazia,Hugnin,Université de Monastir,Support,ghugnini0@sbwire.com,FL
650,Lydie,Lethcoe,Instituto Superior de Ciênicas e Tecnologia de Moçambique,Product Management,llethcoei1@quantcast.com,PA
651,Marlow,Shankster,University of Pitesti,Human Resources,mshanksteri2@wix.com,MI
652,Ervin,Baford,Mountains of the Moon University,Business Development,ebafordi3@nationalgeographic.com,FL
653,Caryn,Kretchmer,Lander University,Business Development,ckretchmeri4@wsj.com,VA
654,Hyacinthia,Magowan,Meharry Medical College,Product Management,hmagowani5@csmonitor.com,NY
655,Georas,Novelli,"City University of New York, School of Law at Queens College",Marketing,gnovellii6@soundcloud.com,MA
656,Joachim,Russe,Fahad Bin Sultan University,Marketing,jrussei7@deliciousdays.com,FL
657,Ashleigh,Tiller,St. Thomas Aquinas College,Support,atilleri8@delicious.com,NY
658,Anne-marie,Tiffney,Universidad de La Frontera,Human Resources,atiffneyi9@si.edu,IN
659,Nanine,Ackrill,Glasgow Caledonian University,Services,nackrillia@ca.gov,OH
660,Sandy,Fison,Yamanashi Gakuin University,Marketing,sfisonib@tamu.edu,VA
661,Dareen,Ambage,Fachhochschule Ingolstadt,Product Management,dambageic@sfgate.com,TX
662,Carrissa,Fissenden,Universidad Isaac Newton,Legal,cfissendenid@topsy.com,KS
663,Lauraine,Munn,Conway School of Landscape Design,Human Resources,lmunnie@ow.ly,WI
664,Mame,Sherrocks,Xi'an International Studies University,Legal,msherrocksif@over-blog.com,DC
665,Evaleen,Dablin,Stavropol State Technical University,Accounting,edablinig@bbc.co.uk,OK
666,Kirsten,Wreak,Surgut State University,Support,kwreakih@taobao.com,AK
667,Kathlin,Yeoman,Liaoning Normal University,Legal,kyeomanii@microsoft.com,IN
668,Basilius,Moorerud,"Institute of Teachers Education, Keningau",Sales,bmoorerudij@usgs.gov,FL
669,Deny,Colin,Pawel Wlodkowic University College in Plock,Engineering,dcolinik@dion.ne.jp,TX
670,Jarad,Honatsch,Gdynia Maritime Academy,Training,jhonatschil@icio.us,IN
671,Jonas,Southard,National Taiwan College of the Arts,Services,jsouthardim@accuweather.com,KS
672,Ronalda,Bracco,Roosevelt Academy University College,Services,rbraccoin@aboutads.info,WI
673,Bordy,Cicerone,Universidad Regional del Sureste,Research and Development,bciceroneio@reference.com,NY
674,Nero,Ferrari,University of Chicago,Sales,nferrariip@lulu.com,IL
675,Dario,Keatch,University of Trinidad and Tobago,Engineering,dkeatchiq@flickr.com,FL
676,Marcile,Wilcocke,National Academy of Fine Arts,Sales,mwilcockeir@umn.edu,CA
677,Christina,Malyj,Dravidian University,Human Resources,cmalyjis@ehow.com,CA
678,Florenza,Clubb,Ontario College of Art and Design,Accounting,fclubbit@addtoany.com,CA
679,Mil,Lawry,University of Aizu,Sales,mlawryiu@wiley.com,TX
680,Eilis,Crease,University of Iceland,Product Management,ecreaseiv@illinois.edu,CO
681,Ado,Boxe,Universidad de Camagüey,Engineering,aboxeiw@g.co,HI
682,Kasper,Canwell,Gifu Keizai University,Services,kcanwellix@globo.com,OH
683,Sadella,Keld,"Allahabad Agricultural Institute, Deemed University",Marketing,skeldiy@domainmarket.com,TX
684,Anatola,Squibbes,Eastern Mediterranean University,Engineering,asquibbesiz@princeton.edu,CA
685,Carey,L'Hommeau,Instituto de Estudios Superiores de la Sierra,Marketing,clhommeauj0@desdev.cn,FL
686,Cally,Cridlan,State University of New York College at Cortland,Legal,ccridlanj1@google.de,GA
687,Micheline,Aslen,Ilia Chavchavadze State University,Research and Development,maslenj2@dot.gov,DE
688,Joni,Pawlicki,Houdegbe North American University Benin,Human Resources,jpawlickij3@indiatimes.com,CO
689,Waldo,Prentice,Karachi Institute of Information Technology,Support,wprenticej4@typepad.com,AL
690,Augusto,Arnald,University of Bihac,Marketing,aarnaldj5@blogtalkradio.com,SC
691,Reuven,Rebichon,University College of Borås,Business Development,rrebichonj6@4shared.com,CA
692,Helaina,Hullyer,Universitas Tadulako,Services,hhullyerj7@cloudflare.com,IL
693,Dare,Cape,University of Moratuwa,Marketing,dcapej8@friendfeed.com,NV
694,Francklin,Fosserd,State University of New York College at Geneseo,Legal,ffosserdj9@bigcartel.com,OR
695,Abelard,Wyon,"Music Academy ""Ignacy Jana Paderewski"" in Poznan",Accounting,awyonja@friendfeed.com,IA
696,Adah,Newrick,School of Design and Crafts,Marketing,anewrickjb@nymag.com,AL
697,Hube,Simkovitz,Great Lakes University of Kisumu,Business Development,hsimkovitzjc@upenn.edu,UT
698,Riccardo,Whitaker,Universitas Indonusa Esa Unggul,Services,rwhitakerjd@patch.com,DC
699,Korney,Kinig,Tokyo University of Foreign Studies,Services,kkinigje@tinypic.com,GA
700,Lorry,Ashdown,Technological University (Mandalay),Product Management,lashdownjf@flavors.me,NV
701,Astrix,McCathay,Miyagi University of Education,Research and Development,amccathayjg@comsenz.com,CA
702,Olenolin,Eldin,Universidad del Turabo,Research and Development,oeldinjh@abc.net.au,GA
703,Aguie,Joseland,"Physical Education Academy ""Jedrzej Sniadecki"" in Gdansk",Marketing,ajoselandji@cocolog-nifty.com,NY
704,Brenda,Ounsworth,Raghebe Esfahani University,Business Development,bounsworthjj@mac.com,OK
705,Starr,Claibourn,Ukrainian Academy of Pharmacy,Human Resources,sclaibournjk@independent.co.uk,NV
706,Lavinie,Benduhn,Universidad Nacional de Ingeniería,Support,lbenduhnjl@4shared.com,CA
707,Lucho,Threadgill,Konyang University,Research and Development,lthreadgilljm@independent.co.uk,WV
708,Lynelle,Byk,St. Mary's University of San Antonio,Accounting,lbykjn@wikimedia.org,LA
709,Hesther,Snooks,Northern Michigan University,Business Development,hsnooksjo@nydailynews.com,PA
710,Sallyann,Langlands,West Bengal University of Technology,Support,slanglandsjp@ehow.com,MD
711,Gawen,Hamnet,Baltimore Hebrew University,Services,ghamnetjq@clickbank.net,NY
712,Reese,Reiach,Engineering Colleges in Tamil Nadu,Sales,rreiachjr@webeden.co.uk,TN
713,Pablo,Benedite,Universidade do Sul de Santa Catarina,Sales,pbeneditejs@nsw.gov.au,FL
714,Adina,Sheaf,St. John's Seminary,Support,asheafjt@tiny.cc,IN
715,Adelina,Pignon,Beijing Information Science and Technology University,Training,apignonju@wp.com,MD
716,Barrie,Douglas,Stevens Institute of Technology,Legal,bdouglasjv@un.org,KY
717,Rois,Sillito,First Global University to teaching Jainism,Marketing,rsillitojw@wikimedia.org,SC
718,Wiley,Blockley,Moscow State Institute of Steel and Alloys,Sales,wblockleyjx@discovery.com,VA
719,Casey,Guilloton,Universidad Nacional de Cuyo,Training,cguillotonjy@amazon.de,NC
720,Blinni,Springford,Universidade Federal do ABC,Sales,bspringfordjz@google.com.br,FL
721,Claudie,Gonzales,Damascus University,Engineering,cgonzalesk0@opera.com,AZ
722,Lara,Middlemass,National Fisheries University,Accounting,lmiddlemassk1@webeden.co.uk,LA
723,Carr,Artindale,Ryszard Lazarski University of Commerce and Law in Warsaw,Training,cartindalek2@homestead.com,LA
724,Trixy,Hovel,Tianjin University of Commerce,Research and Development,thovelk3@msn.com,TN
725,Koren,Kruschov,Selcuk University,Sales,kkruschovk4@engadget.com,NY
726,Marthena,Mico,University of Memphis,Training,mmicok5@adobe.com,IL
727,Sebastiano,Roscow,"Johnson & Wales University, Charleston",Research and Development,sroscowk6@nymag.com,AL
728,Kayley,Delves,Brigham Young University,Business Development,kdelvesk7@netscape.com,FL
729,Eustace,Hannum,Linton University College,Legal,ehannumk8@joomla.org,MN
730,Miguelita,Ravilus,Universidad Regional Miguel Hidalgo,Product Management,mravilusk9@sourceforge.net,AL
731,Oberon,Mathewes,Universitas Janabadra,Engineering,omatheweska@google.cn,FL
732,Kippie,Rouch,Istanbul Arel University,Services,krouchkb@google.fr,TX
733,Trudy,Perocci,"Rajamangala University of Technology, Lanna Nan",Accounting,tperoccikc@ed.gov,SD
734,Dean,Bowker,Arab Academy for Banking and Financial Sciences,Support,dbowkerkd@wufoo.com,DC
735,Elise,Lyenyng,Government College University Lahore,Engineering,elyenyngke@domainmarket.com,DC
736,Felipa,Merrgan,Baku Slavic University,Accounting,fmerrgankf@bravesites.com,WI
737,Daniel,Spelwood,Obninsk State Technical University for Nuclear Power Engineering,Accounting,dspelwoodkg@tiny.cc,OK
738,Darrelle,Thorouggood,Mälardalen University,Research and Development,dthorouggoodkh@smugmug.com,FL
739,Laina,Gossage,Technische Universität Chemnitz,Legal,lgossageki@cocolog-nifty.com,CT
740,Jared,Magnar,Xavier University of Louisiana,Engineering,jmagnarkj@ftc.gov,FL
741,Walther,Mullender,Western University,Engineering,wmullenderkk@imageshack.us,NV
742,Hanna,Eidelman,Wright State University,Business Development,heidelmankl@weather.com,CA
743,Lorne,Jee,Marian College,Services,ljeekm@chron.com,NY
744,Kenn,Gavey,Samara State Technical University,Marketing,kgaveykn@vkontakte.ru,KS
745,Evelin,Sidary,Graduate School of Business Administration Zurich (GSBA Zurich),Human Resources,esidaryko@unesco.org,CA
746,Delano,Battye,University of Southeastern Philippines,Business Development,dbattyekp@google.com.hk,MT
747,Simonette,Dainter,McNeese State University,Training,sdainterkq@loc.gov,CA
748,Bank,Labern,Syrian International Private University for Science & Technology,Product Management,blabernkr@reference.com,AZ
749,Ferdinande,de la Valette Parisot,Universidad de Almería,Services,fdelavaletteparisotks@upenn.edu,KS
750,Felike,Wollen,Dire Dawa University,Training,fwollenkt@edublogs.org,MO
751,Carroll,Searle,Université de Franche-Comté,Training,csearleku@ow.ly,MN
752,Nellie,Kearns,Shaoguan University,Marketing,nkearnskv@comcast.net,MD
753,Anya,Danbi,Northern Institute of Technology Management (NIT),Accounting,adanbikw@reference.com,OH
754,Carmelita,Sancias,World University of Bangladesh,Engineering,csanciaskx@addtoany.com,TX
755,Amber,Nettles,Shaoguan University,Human Resources,anettlesky@dmoz.org,NC
756,Walt,Tigwell,Michael Okpara University of Agriculture,Product Management,wtigwellkz@discuz.net,CA
757,Lindsay,Filippi,Marycrest International University,Training,lfilippil0@linkedin.com,NY
758,Prudi,Gillyatt,Instituto Superior Politécnico José Antonio Echeverría,Human Resources,pgillyattl1@usnews.com,GA
759,Ulric,Mc Meekan,Indian University,Product Management,umcmeekanl2@ebay.co.uk,GA
760,Auroora,Reggiani,Andrassy Gyula German Speaking University Budapest,Business Development,areggianil3@whitehouse.gov,CA
761,Janis,Tilmouth,Bard Graduate Center for Studies in the Decorative Arts,Engineering,jtilmouthl4@last.fm,MN
762,Ford,Cuseck,Jai Narayan Vyas University,Marketing,fcuseckl5@wunderground.com,KS
763,Steward,Bushill,"Islamic Azad University, Shahryar",Sales,sbushilll6@uol.com.br,SC
764,Adriane,Westmorland,"Institut National de la Recherche Scientifique, Université du Québec",Services,awestmorlandl7@illinois.edu,LA
765,Velvet,Woolfoot,University of Iceland,Research and Development,vwoolfootl8@omniture.com,NC
766,Tuckie,McNickle,Universitas Pakuan,Engineering,tmcnicklel9@upenn.edu,ID
767,Vanessa,Eskrick,Xi'an Academy of Fine Art,Sales,veskrickla@ox.ac.uk,WI
768,Aristotle,Tuite,Ndejje University,Training,atuitelb@imgur.com,LA
769,Pansy,Pennick,Zhengda Software College,Training,ppennicklc@purevolume.com,FL
770,Gideon,Sukbhans,State University of New York College of Agriculture and Technology at Cobleskill,Marketing,gsukbhansld@hexun.com,CT
771,Raye,Turpin,Universidad Nacional Andrés Bello,Marketing,rturpinle@hhs.gov,FL
772,Debora,Eringey,Uniformed Services Universty of the Health Sciences,Legal,deringeylf@qq.com,TX
773,Raff,Thurborn,University of Modena,Marketing,rthurbornlg@zimbio.com,PA
774,Roshelle,Peskin,"Davenport College of Business, Kalamazoo",Support,rpeskinlh@cnet.com,CA
775,Andreas,Hinstridge,Westwood College,Marketing,ahinstridgeli@ox.ac.uk,TX
776,Desi,Flintoffe,Université Panthéon-Assas (Paris II),Engineering,dflintoffelj@moonfruit.com,CA
777,Oates,Fuzzard,Hirosaki Gakuin University,Product Management,ofuzzardlk@whitehouse.gov,SD
778,Zared,Outright,Salem University,Product Management,zoutrightll@amazon.de,OK
779,Nola,Whitecross,Indian Law Institue,Support,nwhitecrosslm@about.me,MO
780,Tabby,Causley,Mount Vernon College,Research and Development,tcausleyln@springer.com,TX
781,Jim,Trowbridge,Samara State Academy for Railway Transportation,Business Development,jtrowbridgelo@mozilla.org,IA
782,Gisella,Aleksashin,Yerevan State University,Business Development,galeksashinlp@w3.org,FL
783,Alix,Lawranson,American University of Afghanistan,Human Resources,alawransonlq@answers.com,MA
784,Alexina,Mobley,Al Muthanna University,Training,amobleylr@tmall.com,CA
785,Brody,Mangenet,Université de la Polynésie Française,Engineering,bmangenetls@oaic.gov.au,NC
786,Nadean,Cross,Ho Chi Minh City University of Agriculture and Forestry,Services,ncrosslt@washingtonpost.com,CA
787,Shaine,Ashbey,Universidade Católica de Brasília,Product Management,sashbeylu@wikispaces.com,CA
788,Oren,Erskine Sandys,Technological University (Banmaw),Marketing,oerskinesandyslv@jugem.jp,WA
789,Kimmie,Grass,Universidad Nacional de Cuyo,Human Resources,kgrasslw@theguardian.com,GA
790,Liza,Wrinch,Dr. Bhim Rao Abdekar University,Services,lwrinchlx@japanpost.jp,TX
791,Kissie,Eat,Université de Technologie de Compiègne,Sales,keatly@va.gov,AL
792,Christos,Mougin,Kadir Has University,Engineering,cmouginlz@google.cn,TX
793,Waldemar,McClintock,Pontifcia Università Gregoriana,Services,wmcclintockm0@lulu.com,CA
794,Sutherlan,Heard,Detroit College of Business,Engineering,sheardm1@addtoany.com,DC
795,Gusty,Gamlen,Ecole Nationale d'Administration,Services,ggamlenm2@columbia.edu,MO
796,Ardra,Seacroft,Australian Maritime College,Product Management,aseacroftm3@pen.io,CA
797,Ric,Menichelli,Pan-African University,Training,rmenichellim4@thetimes.co.uk,CA
798,Candace,Wrintmore,Alfred University,Business Development,cwrintmorem5@comsenz.com,MN
799,Logan,Grellier,Chicago State University,Marketing,lgrellierm6@sbwire.com,ND
800,Doretta,Rumbellow,University of Benin,Engineering,drumbellowm7@so-net.ne.jp,GA
801,Cos,Louisot,Gujarat Ayurved University,Engineering,clouisotm8@slideshare.net,KY
802,Trey,Lamb,University of Wroclaw,Legal,tlambm9@blogger.com,VA
803,Ashli,Huffa,Leyte Normal University,Legal,ahuffama@paypal.com,KS
804,Ellen,Banting,Mayville State University,Support,ebantingmb@altervista.org,MO
805,Barris,Pullman,Universidade Braz Cubas,Product Management,bpullmanmc@addthis.com,TX
806,Tadio,Schout,Teikyo Heisei University,Product Management,tschoutmd@drupal.org,CA
807,Marsha,Lippett,Woodbury University,Services,mlippettme@virginia.edu,OK
808,Lorant,Dulinty,Quaid-i-Azam University,Marketing,ldulintymf@wikia.com,TX
809,Berry,Gatty,Université de Fianarantsoa,Sales,bgattymg@arstechnica.com,MD
810,Aveline,Edgcombe,West Virginia Wesleyan College,Accounting,aedgcombemh@marriott.com,IL
811,Salomone,Acom,Ross University Caribbean School of Medicine,Services,sacommi@shutterfly.com,FL
812,Ariel,Maceur,Universidad Dr. Rafael Belloso Chacín,Product Management,amaceurmj@a8.net,NY
813,Maureen,Mushart,University of Galatzi,Support,mmushartmk@live.com,GA
814,Jarrad,Craske,Shaqra University,Services,jcraskeml@amazon.co.uk,KS
815,Bruis,Malyj,Bogor Agricultural University,Engineering,bmalyjmm@wikia.com,CO
816,Zelda,Lohmeyer,University of the Philippines Diliman,Human Resources,zlohmeyermn@nih.gov,WA
817,Brina,Langwade,Universidad Nacional Mayor de San Marcos,Accounting,blangwademo@nih.gov,IL
818,Adelheid,Leppo,Institut Commercial de Nancy,Marketing,aleppomp@histats.com,TN
819,Edwin,Pallas,Shanghai University of Traditional Chinese Medicine and Pharmacology,Engineering,epallasmq@gnu.org,NC
820,Freddie,Tibbits,Universidad Nacional de Tumbes,Research and Development,ftibbitsmr@msn.com,TN
821,Alicia,Eilles,Université Cheikh Anta Diop,Support,aeillesms@blogspot.com,WA
822,Zonnya,Philipeaux,Universidad Experimental Felix Adam,Accounting,zphilipeauxmt@nba.com,TX
823,Garv,Canto,Massachusetts College of Pharmacy and Allied Health Sciences,Business Development,gcantomu@google.nl,VA
824,Lenka,McCleod,Universität Hannover,Sales,lmccleodmv@nydailynews.com,DC
825,Minny,Gouldstraw,Renmin University of China,Legal,mgouldstrawmw@themeforest.net,MO
826,Fernande,Shawl,NAES College,Product Management,fshawlmx@youtu.be,DC
827,Sheena,Simpole,University of Dongola,Human Resources,ssimpolemy@unc.edu,NY
828,Alanson,Malster,Lee University,Engineering,amalstermz@i2i.jp,DC
829,Cristine,Gildersleeve,University of Malakand,Research and Development,cgildersleeven0@bing.com,IA
830,Brannon,Ricci,Jikei University School of Medicine,Legal,briccin1@ftc.gov,NJ
831,Dyane,Ivermee,Multimedia University,Sales,divermeen2@wikispaces.com,KY
832,Clare,Marsie,Moscow State Academy of Applied Biotechnology,Marketing,cmarsien3@ox.ac.uk,AZ
833,Vikki,Baverstock,Universidad Dominico-Americana,Legal,vbaverstockn4@histats.com,CA
834,Lydon,McNalley,Dawat University,Human Resources,lmcnalleyn5@msn.com,CO
835,Vina,McCallam,Emmanuel College,Product Management,vmccallamn6@usatoday.com,VA
836,Charline,Le Prevost,Fachhochschule St. Gallen,Accounting,cleprevostn7@w3.org,GA
837,Doy,McQuorkell,University of Lancaster,Research and Development,dmcquorkelln8@whitehouse.gov,OH
838,Viviana,Emmatt,Marymount College New York,Accounting,vemmattn9@deliciousdays.com,HI
839,Sunny,McAlees,West Coast University (WCU) ,Marketing,smcaleesna@t.co,TX
840,Ev,Dutson,Ulaanbaatar University,Sales,edutsonnb@rakuten.co.jp,OH
841,Allin,Hawford,University of Warsaw,Business Development,ahawfordnc@si.edu,MD
842,Vickie,Rayhill,Westminster International University in Tashkent,Product Management,vrayhillnd@yahoo.co.jp,WI
843,Tammy,Guilbert,University of Winnipeg,Engineering,tguilbertne@jugem.jp,NY
844,Matthew,Hornig,"St.Patrick's International College, London",Legal,mhornignf@bandcamp.com,CA
845,Yoshiko,Gravenell,Universidad de Guadalajara,Research and Development,ygravenellng@tmall.com,PA
846,Minnnie,Damiata,St. Norbert College,Legal,mdamiatanh@cornell.edu,FL
847,Jilli,Berriball,Universitas Tadulako,Training,jberriballni@mlb.com,MI
848,Raimondo,Kinnerk,Botswana International University of Science & Technology,Accounting,rkinnerknj@surveymonkey.com,CA
849,Rikki,Gridon,Universidad de Los Andes,Research and Development,rgridonnk@skype.com,IN
850,Demeter,Withull,University of Tulsa,Product Management,dwithullnl@indiegogo.com,IN
851,Arabele,Corlett,Guilan University of Medical Sciences,Sales,acorlettnm@constantcontact.com,OH
852,Rakel,Blaydon,Rust College,Sales,rblaydonnn@51.la,TX
853,Herta,Swannie,Kazan State University of Technology,Support,hswannieno@chicagotribune.com,GA
854,Luce,Murrells,Nova Scotia College of Art and Design,Business Development,lmurrellsnp@example.com,DC
855,Cynthea,Itzkovsky,Technological University (Pathein),Human Resources,citzkovskynq@loc.gov,TX
856,Katlin,Abramin,Carleton University,Human Resources,kabraminnr@google.fr,AK
857,Ingrid,Everett,Utah State University,Engineering,ieverettns@opera.com,GA
858,Cinnamon,McDonogh,New England Institute of Technology,Human Resources,cmcdonoghnt@shop-pro.jp,IL
859,Kylie,Clac,Fachhochschule Münster,Research and Development,kclacnu@fc2.com,FL
860,Joshia,Inch,University of New England,Support,jinchnv@ftc.gov,NY
861,Joshua,Fallon,Pathumthani University,Services,jfallonnw@imgur.com,HI
862,Jan,McClancy,St. Andrew's University,Product Management,jmcclancynx@umn.edu,IN
863,Marji,Halfacree,Muhimbili University of Health and Allied Sciences (MUHAS),Support,mhalfacreeny@acquirethisname.com,SD
864,Torin,Tchir,Dhaka International University,Human Resources,ttchirnz@bluehost.com,FL
865,Lindsey,Kuhnwald,Université de Technologie de Belfort Montbéliard,Sales,lkuhnwaldo0@jimdo.com,GA
866,Kevina,Jullian,Midland Lutheran College,Legal,kjulliano1@springer.com,NY
867,Livvie,Bleazard,Nanjing Forestry University,Product Management,lbleazardo2@storify.com,KS
868,Reggi,Winch,"Webster University, Thailand",Human Resources,rwincho3@pinterest.com,AL
869,Fabe,Bunyard,"Institute of Teachers Education, Keningau",Support,fbunyardo4@tumblr.com,FL
870,Darlene,Hillum,National University of Management,Training,dhillumo5@livejournal.com,LA
871,Jorrie,Levick,Institute for the Economy in Transition,Support,jlevicko6@hc360.com,MD
872,Ilario,Gaynor,St. Augustine's College North Carolina,Services,igaynoro7@woothemes.com,CA
873,Merv,Waylen,Birsk State Pedagogical Institute,Sales,mwayleno8@wix.com,PA
874,Anabella,Otton,Tzu Chi College of Medicine and Humanities,Legal,aottono9@admin.ch,WI
875,Fredericka,Chaffen,Crawford University ,Services,fchaffenoa@bluehost.com,CT
876,Kara-lynn,Pawel,Otani University,Support,kpawelob@topsy.com,FL
877,Isahella,Carcass,Université Paris-Dauphine (Paris IX),Accounting,icarcassoc@eepurl.com,CA
878,Binky,Eiler,Technological University (Taunggyi),Accounting,beilerod@epa.gov,AL
879,Odella,Thexton,Ohio State University,Human Resources,othextonoe@infoseek.co.jp,OH
880,Hollie,Phateplace,Hebrew College,Legal,hphateplaceof@nps.gov,IL
881,Sim,Strange,University of the Humanities,Marketing,sstrangeog@ask.com,TN
882,Hyacinthia,Rodda,Ulyanovsk State University,Legal,hroddaoh@bloglovin.com,DC
883,Cy,Stanners,Thames Valley University,Human Resources,cstannersoi@nasa.gov,DC
884,Cyndia,Ashmore,Harvard University,Engineering,cashmoreoj@usnews.com,PA
885,Giovanna,Dannel,Naval Postgraduate School,Sales,gdannelok@vk.com,IL
886,Rosabel,Farans,University of Novi Sad,Engineering,rfaransol@sitemeter.com,WI
887,Olag,Showt,"Schiller International University, London",Research and Development,oshowtom@fotki.com,GA
888,Fax,Strang,Universidad de Guadalajara,Marketing,fstrangon@arstechnica.com,NM
889,Cleon,Surman-Wells,Changchun University of Technology,Product Management,csurmanwellsoo@diigo.com,WA
890,Ambrosi,Carrabott,Private Universität für Medizinische Informatik und Technik Tirol,Legal,acarrabottop@cnet.com,MD
891,Mirella,Veschambes,South Texas College of Law,Support,mveschambesoq@quantcast.com,NY
892,Marlena,Olek,Universidad Católica de Santo Domingo,Research and Development,molekor@thetimes.co.uk,FL
893,Merline,Ferrillio,Katholische Universität Eichstätt,Marketing,mferrillioos@soundcloud.com,IL
894,Warden,Tidbald,"Swiss Federal Institute of Technology, Lausanne",Human Resources,wtidbaldot@cmu.edu,NC
895,Davie,Milius,Université Badji Mokhtar,Research and Development,dmiliusou@macromedia.com,VA
896,Adan,McClaurie,St. Bonaventure University,Engineering,amcclaurieov@imdb.com,MI
897,Adriena,Brinsden,Universidad de Carabobo,Accounting,abrinsdenow@nbcnews.com,MO
898,Alford,Whiten,Yantai Education Institute & Yantai Television University,Human Resources,awhitenox@uol.com.br,NY
899,Bevon,Wiz,University of Kirkuk,Marketing,bwizoy@nytimes.com,DC
900,Ganny,Ockenden,Vyatka State Pedagogical University,Legal,gockendenoz@elegantthemes.com,AK
901,Neile,Stegel,Hochschule Bremerhaven,Marketing,nstegelp0@acquirethisname.com,OK
902,Jori,Tures,Jackson State University,Support,jturesp1@hostgator.com,FL
903,Giles,Bolden,Hacettepe University,Support,gboldenp2@berkeley.edu,MS
904,Isobel,Mertin,University of Kalamoon,Human Resources,imertinp3@nhs.uk,NY
905,Tamarah,Filisov,Cubidor University Switzerland,Human Resources,tfilisovp4@github.com,NC
906,Lockwood,Zini,Miyazaki Medical College,Services,lzinip5@nasa.gov,NJ
907,Edee,Snelling,Sage Graduate School,Sales,esnellingp6@people.com.cn,NY
908,Benjamin,Cristofolo,Universidad Internacional de Andalucía,Sales,bcristofolop7@ucoz.com,OH
909,Briny,Gurney,Technological Education Institute of Kozani,Research and Development,bgurneyp8@godaddy.com,MO
910,Farly,Grent,International Blacksea University,Product Management,fgrentp9@yahoo.com,CA
911,Lesley,Olsson,Maldives National University,Training,lolssonpa@illinois.edu,IL
912,Grier,Priddie,Université de Toulouse-le-Mirail (Toulouse II),Services,gpriddiepb@va.gov,CA
913,Sibylla,Krochmann,Le Moyne-Owen College,Business Development,skrochmannpc@seattletimes.com,KS
914,Eliot,Root,Mount Royal College,Training,erootpd@meetup.com,MS
915,Gibbie,Abramchik,Al-Farabi Kazakh National University,Research and Development,gabramchikpe@4shared.com,OK
916,Audie,Campanelli,Sher-E-Kashmir University of Agricultural Sciences and Technology,Legal,acampanellipf@sohu.com,IN
917,Corilla,Allward,"Fachhochschule Biberach, Hochschule für Bauwesen und Wirtschaft",Human Resources,callwardpg@unblog.fr,IN
918,Jake,Dmitrovic,Universidad Católica Popular del Risaralda,Sales,jdmitrovicph@ustream.tv,GA
919,Enid,Abazi,"City University of New York, School of Law at Queens College",Sales,eabazipi@hhs.gov,TX
920,Pru,Seymark,Tabriz University of Medical Sciences,Research and Development,pseymarkpj@weebly.com,CA
921,Cherilynn,Bellham,"Institute of Teachers Education, Perlis",Marketing,cbellhampk@bandcamp.com,FL
922,Filippo,Addinall,Delta State University,Product Management,faddinallpl@narod.ru,TX
923,Ansel,Sauter,Lincoln University Missouri,Research and Development,asauterpm@cbc.ca,CA
924,De,Dodshon,Ghazni University,Sales,ddodshonpn@who.int,TX
925,Corbie,Addyman,Moscow State University of Railway Transport,Product Management,caddymanpo@mapquest.com,MA
926,Tillie,Muldowney,Tokyo University of Foreign Studies,Sales,tmuldowneypp@soup.io,CO
927,Sheppard,Felipe,Luzhou Medical College,Support,sfelipepq@drupal.org,VA
928,Hazel,Brabbins,Western Baptist College,Human Resources,hbrabbinspr@shareasale.com,NE
929,Zachary,Cremin,University of Gloucestershire,Support,zcreminps@youtube.com,MS
930,Valdemar,McCaskell,Hochschule Esslingen,Sales,vmccaskellpt@mapy.cz,CA
931,Guillaume,Simecek,Universiteit Doesburg (UNDO),Human Resources,gsimecekpu@cdbaby.com,DC
932,Far,Epsley,University of Jan Evangelista Purkyne,Accounting,fepsleypv@netlog.com,MD
933,Alysa,Hatchard,Universidad Tecnológica Metropolitana,Marketing,ahatchardpw@uol.com.br,TX
934,Florri,Bourges,The New School,Support,fbourgespx@psu.edu,AR
935,Garret,Rown,Jishou University,Research and Development,grownpy@google.nl,NJ
936,Mitchel,Altoft,Universidad Bicentenaria de Aragua,Legal,maltoftpz@miitbeian.gov.cn,WA
937,Loree,Vitler,Aimst University,Sales,lvitlerq0@wordpress.com,GA
938,Zechariah,Catterson,Seian University of Art & Design,Training,zcattersonq1@geocities.jp,WA
939,Annamaria,Videneev,Fachhochschule Lausitz,Product Management,avideneevq2@mayoclinic.com,FL
940,Lynna,Bardsley,Wheaton College Massachusetts,Services,lbardsleyq3@japanpost.jp,IN
941,Editha,Beckson,Caldwell College,Human Resources,ebecksonq4@alibaba.com,TX
942,Kalli,Uphill,British Columbia Open University,Marketing,kuphillq5@cdbaby.com,CA
943,Mable,McMillam,International School of Management,Services,mmcmillamq6@wiley.com,NY
944,Brittne,Cruces,New York College of Podiatric Medicine,Accounting,bcrucesq7@huffingtonpost.com,CA
945,Yetty,Rosier,Capital University,Accounting,yrosierq8@de.vu,ME
946,Danielle,Shelley,Tokyo National University of Fine Arts and Music,Support,dshelleyq9@guardian.co.uk,CA
947,Tymon,McClay,Kanazawa College of Economics,Sales,tmcclayqa@mac.com,FL
948,Tabb,Joyes,Mercy College,Support,tjoyesqb@nih.gov,GA
949,Joni,Maskrey,University of Goroka,Research and Development,jmaskreyqc@pagesperso-orange.fr,FL
950,Analiese,Giordano,Sevastopol National Technical University,Support,agiordanoqd@microsoft.com,VA
951,Clifford,Brumbye,Darul Huda Islamic University,Engineering,cbrumbyeqe@tuttocitta.it,DC
952,Nancy,Martinho,Erasmus University Rotterdam,Support,nmartinhoqf@com.com,PA
953,Jonie,Slight,Toyota Technological Institute,Marketing,jslightqg@bing.com,FL
954,Harlen,Deekes,Chengdu Institute of Sichuan International Studies University,Business Development,hdeekesqh@noaa.gov,VA
955,Robby,Stenner,Université des Montagnes,Marketing,rstennerqi@themeforest.net,NY
956,Ambros,Glasspoole,Yanbu University College,Marketing,aglasspooleqj@xinhuanet.com,MI
957,Morly,Cohn,Augsburg College,Accounting,mcohnqk@wikimedia.org,TX
958,Sidnee,Brason,San Francisco Conservatory of Music,Support,sbrasonql@washingtonpost.com,TX
959,Rolf,Ralph,"University of Occupational and Environmental Health, Japan",Sales,rralphqm@squidoo.com,MD
960,Drusie,Arpin,Chiba Institute of Technology,Business Development,darpinqn@hp.com,PA
961,Elana,Haulkham,Tokyo Woman's Christian University,Business Development,ehaulkhamqo@hhs.gov,DC
962,Geri,Bosence,Ling Tung University,Business Development,gbosenceqp@icq.com,CA
963,Bond,Newland,Universidad Autónoma de Bucaramanga,Product Management,bnewlandqq@nyu.edu,DC
964,Will,Frew,Atish Dipankar University,Research and Development,wfrewqr@pen.io,FL
965,Bernadene,Spere,North Carolina School of the Arts,Training,bspereqs@wisc.edu,CA
966,Buckie,Kenaway,East Kazakstan State Technical University,Sales,bkenawayqt@i2i.jp,TX
967,Marie,Rumbellow,Fachhochschule Krems,Accounting,mrumbellowqu@fotki.com,NY
968,Artemus,Baldrey,Bryant and Stratton College,Product Management,abaldreyqv@boston.com,TX
969,Katha,Bertwistle,Université Panthéon-Assas (Paris II),Engineering,kbertwistleqw@about.com,VA
970,Isa,Fennick,Argosy University - Hawaii,Support,ifennickqx@xrea.com,SC
971,Natala,Leif,Beloit College,Legal,nleifqy@wiley.com,NV
972,Gerda,Wyss,Universitas 17 Agustus 1945 Surabaya,Training,gwyssqz@gnu.org,NY
973,Anne-corinne,Yankov,Bauhaus Universität Weimar,Human Resources,ayankovr0@dagondesign.com,FL
974,Annaliese,Alibone,Kanazawa University,Training,aaliboner1@slate.com,MI
975,Fraser,Mc Coughan,Universidade Cruzeiro do Sul,Sales,fmccoughanr2@bluehost.com,PA
976,Alanna,Elphey,University of South Carolina,Legal,aelpheyr3@wikipedia.org,FL
977,Penelope,Egdal,Sri Lanka Institute of Advanced Technical Education,Legal,pegdalr4@aol.com,NV
978,Jacqui,Gellett,University of Marketing and Distribution Sciences,Training,jgellettr5@columbia.edu,OK
979,Ezmeralda,La Croce,Medical Academy in Lublin,Engineering,elacrocer6@pen.io,GA
980,Lennie,Feldberger,Wayne State University,Sales,lfeldbergerr7@plala.or.jp,PA
981,Revkah,Tamsett,Tunku Abdul Rahman Chinese College,Legal,rtamsettr8@topsy.com,TX
982,Sophie,Fursey,University of Qatar,Training,sfurseyr9@dion.ne.jp,CA
983,Roxi,Scarlin,Mid-Continent Baptist Bible College,Marketing,rscarlinra@arstechnica.com,WA
984,Bree,Gaymer,Ecole Nationale Supérieure d'Arts et Métiers de Paris,Sales,bgaymerrb@slideshare.net,MO
985,Oby,Dorman,Universidad Privada Juan Mejía Baca,Research and Development,odormanrc@issuu.com,MI
986,Winifred,Lanfranchi,Slippery Rock University,Support,wlanfranchird@illinois.edu,FL
987,Harlene,Knipe,Northwest Nazarene University,Support,hknipere@vimeo.com,GA
988,Jase,Scholes,College of St. Benedict and St. John's University,Services,jscholesrf@ucla.edu,PA
989,Hetti,Ryce,Tohwa University,Accounting,hrycerg@youtu.be,OH
990,Pepi,Abramovitz,Orissa University of Agriculture and Technology,Engineering,pabramovitzrh@ucsd.edu,CA
991,Yule,Albasini,Macon State College,Engineering,yalbasiniri@imageshack.us,TX
992,Zulema,Budik,Gomel State Technical University Pavel Sukhoi,Product Management,zbudikrj@instagram.com,LA
993,Cordie,Moughton,Miyagi Gakuin Women's College,Accounting,cmoughtonrk@sbwire.com,VA
994,Shae,Puddle,Universidade da Madeira,Accounting,spuddlerl@alexa.com,WA
995,Storm,Ludovico,University of Tromsø,Legal,sludovicorm@dedecms.com,VA
996,Otha,Dodimead,Ecole pour les Etudes et la Recherche en Informatique et Electronique,Business Development,ododimeadrn@amazon.com,UT
997,Chrissie,Costan,Ohio University - Southern,Engineering,ccostanro@fastcompany.com,TX
998,Kerrie,Pace,Medaille College,Accounting,kpacerp@geocities.jp,MA
999,Catarina,Jellico,East China University of Science and Technology,Legal,cjellicorq@wiley.com,GA
1000,Sara-ann,Fryman,American College Of Dubai,Human Resources,sfrymanrr@youtube.com,FL
